Filename,Quality_Label,MQ-3_R1 (kOhm)_mean,MQ-3_R1 (kOhm)_std,MQ-3_R1 (kOhm)_min,MQ-3_R1 (kOhm)_max,MQ-3_R1 (kOhm)_median,MQ-4_R1 (kOhm)_mean,MQ-4_R1 (kOhm)_std,MQ-4_R1 (kOhm)_min,MQ-4_R1 (kOhm)_max,MQ-4_R1 (kOhm)_median,MQ-6_R1 (kOhm)_mean,MQ-6_R1 (kOhm)_std,MQ-6_R1 (kOhm)_min,MQ-6_R1 (kOhm)_max,MQ-6_R1 (kOhm)_median,MQ-3_R2 (kOhm)_mean,MQ-3_R2 (kOhm)_std,MQ-3_R2 (kOhm)_min,MQ-3_R2 (kOhm)_max,MQ-3_R2 (kOhm)_median,MQ-4_R2 (kOhm)_mean,MQ-4_R2 (kOhm)_std,MQ-4_R2 (kOhm)_min,MQ-4_R2 (kOhm)_max,MQ-4_R2 (kOhm)_median,MQ-6_R2 (kOhm)_mean,MQ-6_R2 (kOhm)_std,MQ-6_R2 (kOhm)_min,MQ-6_R2 (kOhm)_max,MQ-6_R2 (kOhm)_median
AQ_Wine01-B01_R02.txt,AQ,6.02756296819788,3.7372804590759716,2.5996,16.3491,4.304600000000001,32.76693848056537,10.411323213816383,21.1414,52.7404,27.858,50.949201413427566,31.301951117982632,20.9633,122.6141,36.4505,20.917968621908127,9.17270879072437,11.3366,45.699,17.5592,24.294095512367495,10.249686710060868,13.1976,45.7132,20.0394,35.38620961130742,23.116722675676783,12.3958,90.8765,25.98085
AQ_Wine02-B04_R11.txt,AQ,5.136323780918727,3.262539681581702,2.3241,14.0885,3.56125,23.39658996466431,8.479563971175022,14.4419,40.2342,19.3444,30.775740424028264,21.27466088223407,11.2878,82.1221,21.10455,17.721737915194346,8.167158944115467,9.6385,39.1769,14.494,14.315716289752652,7.687661493533542,6.778,31.398,10.972,19.71370113074205,14.293273029644523,6.3977,55.6942,13.6844
AQ_Wine02-B04_R08.txt,AQ,4.369345017667844,3.525054623370602,1.4655,14.1382,2.6005000000000003,24.95224424028269,8.550746990956478,16.1159,41.7303,20.898600000000002,38.30438784452297,23.140661559716712,16.0368,92.085,28.3767,10.612420176678446,5.7473885070193305,5.4646,26.0214,8.0865,18.944125017667844,8.3397716108323,10.6506,36.3224,14.93205,27.794280742049473,18.850243626283188,10.3744,72.8804,19.671750000000003
AQ_Wine04-B01_R02.txt,AQ,6.1687130742049465,3.3079104177226006,3.1772,15.2841,4.6854499999999994,33.317346961130745,8.799759555510175,22.9031,49.8172,29.7699,54.3386686925795,28.299168030426536,25.132,117.8687,42.89675,18.793313498233214,7.543886396795085,10.6503,38.3433,16.1603,25.08235286219081,9.362042877002581,14.5099,44.5841,21.6251,39.627756925795055,22.141926239058794,16.6621,91.5909,31.393900000000002
AQ_Wine02-B04_R05.txt,AQ,4.963252190812721,3.7609615754359624,1.7879,15.5716,3.18555,26.760171978798585,9.540986323438814,16.3808,45.9029,22.8223,40.99230190812721,24.51222633238027,16.0029,98.8363,31.210549999999998,11.912002367491167,6.5206243090064735,5.8436,30.1247,9.277249999999999,20.320485406360422,9.260679809402903,10.3537,39.7879,16.61755,30.089411660777387,19.76769148552268,10.5537,78.0881,22.25985
AQ_Wine02-B04_R03.txt,AQ,3.936412579505301,3.335190501753638,1.3099,13.4433,2.1981,23.865879823321553,9.650123603891544,14.3291,43.603,19.1678,33.511233074204945,23.152001156525042,12.6721,90.0973,22.747700000000002,9.647277349823321,5.837350221337834,4.6928,25.9471,6.9412,17.73893409893993,8.915800764096778,9.2594,36.997,13.26925,24.08073830388692,18.03103005878147,8.1663,69.47,15.89735
AQ_Wine02-B04_R04.txt,AQ,4.104511554770318,3.383986922520442,1.3514,13.6993,2.4252,25.144307031802118,9.559331904003075,15.1551,44.5,20.6855,36.49833653710247,23.487489859848797,13.8156,93.3586,26.38595,9.981253074204947,5.866705418168361,4.7913,26.6032,7.40545,18.88406254416961,8.90661203754064,9.8777,38.0128,14.88155,26.38576554770318,18.571259223882876,8.969,72.6434,18.39085
AQ_Wine03-B01_R04.txt,AQ,9.301405194346291,4.705059647119563,4.8673,22.78,7.26915,26.219923180212014,11.833289756676185,14.3741,52.0301,20.0109,30.277248904593648,24.552231735838014,9.6121,93.3976,18.0611,26.12571038869258,11.032954161865936,14.537,56.0856,21.9943,13.901740777385157,8.329915259958055,6.0517,34.0425,10.1491,18.709357879858658,14.199607811024453,6.0543,55.9785,12.401
AQ_Wine02-B04_R09.txt,AQ,5.375684381625442,4.025857086188328,2.0158,16.5441,3.3843,27.652567173144874,8.594865071052222,18.3755,44.0414,23.8291,44.97784692579505,24.664306521098858,19.82,101.1047,34.804950000000005,12.629178939929329,6.601864048235994,6.5738,30.5019,9.8409,21.50159180212014,8.680368289173213,12.4918,38.9853,17.5686,33.225508480565374,20.540045567530186,13.22,80.7108,24.75715
AQ_Wine04-B01_R03.txt,AQ,6.620998056537103,3.5055681008785498,3.4136,16.2201,4.98105,37.523586254416955,9.510377987846372,26.5118,55.1899,33.681,63.996047137809185,33.381567123986166,30.4293,136.6047,48.827749999999995,21.74825600706714,8.20917428658533,12.5982,42.8659,19.1041,29.074529187279158,10.23781764923246,17.655,50.4495,25.5461,47.55530187279152,26.090615207474592,21.1482,106.9713,37.13465
AQ_Wine04-B01_R06.txt,AQ,5.1360332508833935,2.69945317014161,2.5147,12.7357,3.9602,34.47472236749117,9.984883592079507,22.6646,53.6303,30.81465,54.35307003533569,30.522270237350256,23.7534,124.9828,41.8039,17.213344204946996,6.634831861611005,9.8364,33.5827,14.9267,27.109048268551238,9.539467429372797,15.9581,47.4008,23.9928,39.19139392226148,22.53720094378356,16.1176,94.3029,30.96675
AQ_Wine01-B01_R11.txt,AQ,6.113278445229683,3.2030418958575946,3.1735,14.9848,4.6136,35.05774522968198,10.552734714900776,23.364,55.0558,30.341,56.137992826855125,33.90082131233389,23.8395,132.3685,39.8146,20.579710106007067,8.146992996737964,11.8428,41.5483,17.6973,26.12477519434629,10.350918562556714,14.9904,47.7089,22.045949999999998,39.09698162544169,24.618106745929335,15.2922,98.2822,29.07085
AQ_Wine01-B01_R10.txt,AQ,6.405000424028269,3.316315927227572,3.3739,15.6588,4.7619,34.23693657243816,9.374151232881104,23.5983,51.2651,30.2365,55.38599558303887,31.180310182496367,25.1385,123.9136,40.862899999999996,21.325935830388694,8.23869493009368,12.3819,42.4004,18.4412,25.806128268551234,9.388829079294052,15.3572,45.165,22.2423,38.719244063604236,22.876412014605318,15.9944,92.9697,29.4135
AQ_Wine01-B01_R03.txt,AQ,3.6711840282685513,2.638820089486858,1.161,11.2845,2.44705,26.37908254416961,10.591677341952305,14.7773,47.8174,22.01725,36.52131703180212,26.152445575561504,11.9034,101.8199,25.17765,13.923032473498234,6.817907933842049,6.7448,34.4383,11.479,18.09926632508834,9.1478725285118,8.2341,38.8112,14.69275,24.639236077738516,18.139109374849593,6.7327,70.8902,17.47445
AQ_Wine02-B04_R01.txt,AQ,5.098592402826855,3.9442232062512055,2.0209,16.2116,2.9981999999999998,23.505883568904594,8.743064573845615,14.932,40.8608,19.69255,32.67264325088339,22.106169551503772,13.104,84.4627,21.9433,13.0765371024735,7.1537211534222225,6.8641,32.2475,9.7593,16.763539222614842,8.1578563134184,9.119,34.3649,12.59885,22.009393922261484,15.927305679599478,8.0546,61.5784,14.753599999999999
AQ_Wine03-B01_R02.txt,AQ,12.892295547703181,6.9710765149763105,6.2823,32.1184,10.06695,33.19707229681979,10.341432445634936,21.0921,53.5568,29.57435,49.822286254416966,30.318677663257954,19.7023,118.5606,37.0885,36.397899293286216,14.843935021980146,19.861,73.4915,31.7304,21.58258480565371,9.820617986788163,10.9209,42.7578,18.1212,30.43347416961131,19.761866120544596,10.4021,78.1763,23.0492
AQ_Wine03-B01_R03.txt,AQ,13.365272968197882,6.9030563181655005,6.7642,32.5425,10.46845,34.93710053003534,9.957656585736027,23.3824,54.2985,31.1024,53.94868773851589,31.129634195945567,22.8389,123.4778,41.0839,36.2232819434629,14.396135429157987,20.3866,75.1787,31.486,23.17734763250883,9.8879713708373,12.336,44.2907,19.2,33.072762862190814,20.94653970531245,12.0898,82.6976,24.9374
AQ_Wine01-B01_R09.txt,AQ,6.4307378091872796,3.3609183740345046,3.3664,15.8091,4.84725,33.990784593639574,9.470164384154879,23.1747,51.5761,29.9217,55.320166148409896,31.47399279618281,24.4451,124.4148,40.834,20.374599187279152,8.160448354437792,11.6325,41.7264,17.495,25.592043215547704,9.579495390093228,14.9631,45.2797,21.9085,39.14854621908127,23.727845216225564,15.6754,95.2224,29.4484
AQ_Wine04-B01_R07.txt,AQ,6.448966713780919,3.2055940321852163,3.425,15.2515,5.00345,39.002375795053005,9.48410317299815,27.8505,56.5591,35.3359,67.28310720848056,33.13606577293439,33.2406,140.4583,53.4425,22.875986572438162,8.270174258842369,13.6919,42.9524,20.1378,31.793695653710248,9.55498002978992,20.504,51.0423,28.816049999999997,49.65127727915195,25.175540195954234,23.076,107.4118,40.328649999999996
AQ_Wine03-B01_R09.txt,AQ,6.8700427915194355,4.3497532099221425,3.0496,18.9905,4.8832,31.36621964664311,10.552015133319445,19.8973,51.145,26.86975,46.79134342756184,29.84705002259937,18.4844,115.3892,34.12705,22.28044992932862,9.780952905122367,11.9168,47.1403,18.877499999999998,22.16352703180212,10.187955535739489,11.5082,44.0552,18.33995,31.907504770318013,21.690056110132467,10.779,84.5625,23.2315
AQ_Wine03-B01_R08.txt,AQ,8.277705795053004,5.010130358386476,3.8824,22.131,5.805,33.446207208480565,10.417408080187027,22.2365,53.0104,28.7493,51.65510992932862,31.805498570951574,21.7572,121.8212,36.570949999999996,25.54894155477032,10.706071943969445,14.4083,53.6433,21.4395,23.441668975265014,10.755645035783669,12.5619,46.2857,18.542250000000003,35.55231583038869,23.82403596494737,12.9242,91.4021,25.338099999999997
AQ_Wine01-B01_R06.txt,AQ,7.756951766784451,3.8835617086374943,4.2833,18.494,6.0036,35.62838791519435,9.035525894574086,25.5393,52.2417,31.7681,58.712033816254426,32.058730942426536,27.9195,129.3538,43.25695,25.604752685512366,10.28803996562548,14.7259,51.2074,21.6815,25.523190600706716,10.344074298434192,14.4419,47.2174,21.611,42.39165148409894,24.274832119549167,18.3359,99.0508,32.88495
AQ_Wine02-B04_R10.txt,AQ,5.52427070671378,3.5561452798168283,2.3155,15.1905,3.8118,25.87641879858657,9.201849738680949,16.271,44.1104,21.5128,33.98026780918728,23.70150106227908,13.1076,91.9706,22.4676,18.420114240282686,8.509994539214087,9.7062,41.5364,15.12575,17.116893074204945,8.476526928618147,8.7165,35.8818,13.422450000000001,22.191827985865725,16.201107135659527,7.4499,62.6995,15.24945
AQ_Wine02-B04_R02.txt,AQ,4.99572886925795,3.835427822794224,1.7333,16.0071,3.08095,24.809551519434628,9.749561881310376,14.7503,45.0508,19.9411,35.13850053003534,24.016435554222294,13.0499,93.0861,24.0096,12.178677102473497,6.864754618926722,5.8709,31.1484,9.19285,18.08737554770318,9.18067462550595,9.0166,38.3068,13.61475,25.143400282685512,18.373090165986945,8.4301,71.0423,17.166150000000002
AQ_Wine04-B01_R04.txt,AQ,5.434972190812721,3.0116548994397894,2.6405,13.6247,4.0047,29.09004713780919,8.311454787880583,19.6823,44.9513,25.4309,45.64920307420495,25.594245266577428,20.5931,104.9546,34.72465,16.869966007067134,7.143649244817622,9.618,35.4655,14.014199999999999,20.077098268551236,9.028482258805269,10.683,39.6565,16.3744,32.59504190812721,19.6082216318098,13.3185,79.4579,24.81175
AQ_Wine02-B04_R06.txt,AQ,4.769663038869258,3.7178553132159977,1.7003,15.2068,2.9123,27.444588621908128,9.797032333102448,16.7837,46.8234,23.177750000000003,42.047126925795055,25.280794978576054,16.5441,102.0451,31.628999999999998,11.781545441696114,6.3755004241661135,5.9028,29.2705,9.1501,20.988477173144876,9.311713252685683,11.178,40.6258,17.076700000000002,30.86513084805654,20.371985921971305,10.8232,80.1264,22.6102
AQ_Wine04-B01_R09.txt,AQ,5.008783639575972,2.7758426749805873,2.4848,12.6756,3.69705,29.172156890459362,8.306520085014984,19.6264,45.3084,25.5937,46.0422590459364,25.26515315596749,20.4975,103.7838,35.65975,16.94482279151943,6.966425783824954,9.5012,35.1094,14.4083,21.8725528975265,8.73234683328609,12.5854,39.7162,18.4754,32.423650812720844,18.975461712152487,13.0751,78.1763,25.0248
AQ_Wine03-B01_R01.txt,AQ,6.9679702120141345,5.118887238263353,2.6762,21.4561,4.3973,21.767241378091875,10.030114830625497,12.1719,42.7976,16.37865,27.330202685512365,23.011143162850185,8.2171,84.0653,14.9367,18.70066399293286,9.135887529289056,9.6856,43.1634,15.20875,11.5728522614841,7.7902135388587626,4.5582,29.8231,7.49225,15.613526113074206,13.806610289227681,3.9909,50.7544,8.7429
AQ_Wine01-B01_R01.txt,AQ,5.808896713780919,3.63455031361494,2.4182,15.9437,4.1503,31.78799802120141,10.266790538270259,20.1878,51.8373,27.109099999999998,48.23703586572439,30.1093213630639,19.1736,118.7346,34.9996,20.860905477031803,9.090251031034276,11.0298,44.7319,17.80625,23.173418939929327,9.902186399400447,12.2669,44.3882,19.51515,33.69046021201414,21.952124030201286,11.5994,87.0502,24.7957
AQ_Wine02-B04_R12.txt,AQ,5.784402544169612,4.09398896233481,2.3207,17.1954,3.7689,29.74874180212014,9.694307280385798,19.1406,48.6985,25.662,47.22278763250883,26.624694495694524,19.7995,108.4514,36.47555,13.893707985865724,6.722306381642181,7.4983,31.7177,11.25205,22.420912579505302,9.516473244766521,12.3657,42.0,18.37545,34.65481155477031,21.580352036621857,13.2382,85.8773,26.04505
AQ_Wine04-B01_R05.txt,AQ,5.6307755830388695,2.9695495126586255,2.936,13.9743,4.239850000000001,34.55961731448763,9.885637229236686,23.6232,53.4652,30.1408,53.707278303886916,31.200238071147112,24.4198,125.0461,38.57375,18.39768169611308,7.263542993886721,10.7161,37.0578,15.8112,26.323602367491166,9.805095556195273,15.4733,47.4469,23.002299999999998,38.3901064664311,23.029138724882156,16.2759,94.3029,29.185850000000002
AQ_Wine02-B04_R07.txt,AQ,4.506516996466432,3.4654141051175764,1.6313,14.2727,2.8072,23.55711812720848,8.119020235999526,15.2103,40.0283,19.52015,34.85479565371025,21.71000322255959,14.265,86.1853,25.25935,10.985485724381626,5.711025744426049,5.7123,26.0485,8.64065,17.366940494699644,7.76226433894401,9.6676,33.9747,13.6524,24.91619332155477,17.107376802949847,9.2185,66.5254,17.483600000000003
AQ_Wine03-B01_R05.txt,AQ,8.858236007067138,4.608986996205516,4.3707,21.983,6.8885,27.93040144876325,12.782825524561613,14.4683,55.2091,22.1035,34.27472954063604,27.54889423451625,10.0368,104.8129,21.326349999999998,27.389295936395754,11.195670220760633,15.4478,57.4501,23.2195,14.632119045936395,8.69381651720377,5.9259,35.2341,11.03375,21.401485865724382,16.211434027388407,6.0982,63.8078,14.66075
AQ_Wine01-B01_R08.txt,AQ,6.421886890459363,3.3647932587999754,3.308,15.8217,4.86205,33.60982780918728,9.237223436212862,23.0415,50.7192,29.68825,54.602088445229676,30.755157669550915,24.3693,122.9214,40.7935,21.037570565371023,8.335472348542622,11.9878,42.3761,18.1933,25.516229010600703,9.373764371760965,15.0021,44.7389,22.19305,38.91126466431095,23.155875886054798,15.638,92.8922,29.926299999999998
AQ_Wine02-B04_R13.txt,AQ,6.761678692579506,4.027972524165829,3.1327,17.9578,4.8906,32.60059010600707,10.018478307212625,21.4346,51.7849,28.15765,51.363624169611306,30.76521010561379,21.5282,120.917,37.8036,23.62072826855124,10.022257485966337,12.9314,49.9713,19.974400000000003,23.005237279151945,10.157445295920486,12.0032,44.8237,18.9194,35.39504342756184,22.70683798544406,12.6897,89.4379,26.801450000000003
AQ_Wine01-B01_R07.txt,AQ,6.006346254416962,3.288872196591508,3.1475,15.146,4.361549999999999,30.64374650176678,9.087423241797838,21.0592,48.0043,26.4799,47.32580378091873,29.27070514246343,20.8715,112.4637,31.84065,18.91199855123675,7.894520719989728,11.0138,40.0677,15.71705,22.5999919434629,9.138994439070512,13.4331,41.2482,18.5638,33.17270918727915,21.953336320144448,13.1691,84.9972,23.2375
AQ_Wine03-B01_R07.txt,AQ,7.966745583038869,4.9502713634620354,3.6719,21.7292,5.52885,32.16360696113074,10.606861560159631,20.9937,52.1181,27.3954,48.11145215547704,30.949187161840317,19.7739,117.6968,33.18245,24.047909823321554,10.489455944155804,13.3331,51.7776,20.1196,23.188084204947,10.206549777819804,12.8219,44.8662,18.635800000000003,32.80932975265018,22.741343119842018,11.6624,86.6333,22.8566
AQ_Wine01-B01_R04.txt,AQ,6.411508692579505,3.3942523819209574,3.3287,16.0793,4.764,33.62280314487633,12.861557740777096,20.3189,58.7327,27.149250000000002,48.0726596819788,33.77058385442994,17.8644,129.0186,31.63325,22.164507102473497,9.151460884662571,12.5596,45.996,18.87505,21.435728657243814,10.632169692112496,10.6948,44.7107,16.9274,31.3492322614841,22.31066816964937,10.6535,86.8761,21.746
AQ_Wine03-B01_R06.txt,AQ,8.083555689045935,5.01102273792569,3.6835,21.9093,5.6786,31.753720106007073,10.431381044283532,20.4139,51.7151,26.765349999999998,46.39808335689046,29.522591753546337,18.5663,114.6186,32.564350000000005,22.9972080565371,9.692123853817407,12.6615,48.7909,19.6514,20.931763710247353,10.354274991202784,10.3594,43.2379,16.4934,31.159391024734983,21.44236793905345,10.7664,82.7619,21.8585
AQ_Wine04-B01_R08.txt,AQ,5.632701342756183,2.9910631246492003,2.8452,13.8419,4.251,34.02323127208481,8.710509380506839,23.5673,50.2819,30.836,56.38977530035335,28.334725742206338,27.1638,119.3765,45.28495,19.268716395759714,7.229345709077003,11.1938,36.0426,16.8848,26.85955106007067,8.855677181090769,16.47,45.0366,23.939149999999998,40.29509876325088,21.607280442946774,17.6281,90.8019,32.321
AQ_Wine01-B01_R05.txt,AQ,6.4936981978798585,3.4131171634461492,3.3588,16.203,4.9034,34.51041855123675,11.763252260164837,21.5184,57.5893,29.45305,51.51701120141343,33.911062269691996,19.4439,130.9148,35.801500000000004,21.80916703180212,9.191022280073904,11.9439,45.9554,18.56145,22.27282300353357,11.187223950292063,10.3565,46.6882,17.88655,34.50041992932863,23.250004362181272,11.7992,91.5531,25.08645
AQ_Wine03-B01_R10.txt,AQ,7.322672685512367,4.537201571843751,3.3777,19.897,5.1281,31.933066784452297,10.110039434843772,20.9828,50.8379,27.4694,49.09692487632508,30.295266129949685,20.3287,117.1269,35.3495,23.512174628975266,10.28870990436998,12.9278,50.5069,19.666649999999997,22.94716109540636,9.929194906118303,12.5519,43.8488,18.824399999999997,33.472017879858655,22.38193392584813,11.8562,86.6679,24.68995
AQ_Wine04-B01_R01.txt,AQ,6.325371448763251,3.31182334414738,3.2892,15.2963,4.7776499999999995,36.47388978798587,10.35787122210444,25.0489,56.3405,31.78145,57.49689455830388,33.5865939992602,26.062,133.4239,40.77035,19.039651484098936,7.525883953904575,10.9341,38.0775,16.38795,27.278297915194347,10.509733949765778,15.9664,49.4402,23.1474,41.66658522968198,25.052611646789586,17.6051,101.506,31.42735
HQ_Wine05-B01_R01.txt,HQ,5.831101837455831,4.596023247811716,2.3502,19.2933,3.3843,27.859655759717313,11.054208895757117,17.0899,47.2937,23.55805,47.85832918727915,38.47300094970327,14.0541,127.2341,26.3551,17.491552049469966,12.396022053093434,7.3283,50.154,10.7806,21.334042120141348,11.47650538863136,10.6654,43.3187,15.912749999999999,34.91388077738515,31.07513575030514,8.4954,102.8627,17.331049999999998
HQ_Wine07-B01_R05.txt,HQ,5.971401766784453,4.488272072120031,2.5165,18.8726,3.54595,36.00610434628975,11.337041030237986,23.7978,54.205,32.1213,70.01960049469965,44.866665909741855,27.3202,155.5117,47.6558,18.819155971731448,12.642910649664877,8.2976,52.2434,12.0608,29.918195724381626,12.84908790772225,16.8532,51.995,24.524050000000003,53.59290395759718,38.527238292564995,18.2788,130.9148,33.72355
HQ_Wine06-B01_R03.txt,HQ,9.56571816254417,6.7755939360400985,4.255,28.3842,5.9531,39.21727494699647,9.639732390241598,28.3532,54.1303,36.423100000000005,80.83209462897527,42.2976382373258,37.5945,156.9087,62.17675,27.598106113074206,17.984890711540025,12.3958,76.0731,18.3073,33.867569575971736,12.32228980150883,20.7769,54.2985,28.8947,62.22490604240283,37.36105528448425,25.3809,131.5344,44.36825
HQ_Wine07-B01_R07.txt,HQ,6.5374739929328625,5.110920051307891,2.6672,20.6303,3.70965,34.415051024734986,10.704167443845364,23.4131,51.6282,31.15435,64.98698204946996,42.970946499036465,25.1842,147.1468,42.467349999999996,18.45785445229682,12.810725381325188,8.0123,51.9696,11.37735,27.928729010600705,12.748388847190395,15.5014,50.2819,22.265549999999998,49.75548703180212,37.06910179629323,16.4269,123.6642,29.487250000000003
HQ_Wine08-B01_R01.txt,HQ,5.980111166077738,4.667248328084567,2.3554,19.3434,3.5373,34.59928363957597,11.887427454550185,22.2714,54.093,30.0124,62.0847164664311,43.99581159522149,22.3145,147.99,37.06295,16.662190812720848,11.350296650929163,7.098,46.2819,10.73335,27.96783689045936,13.217684564649439,14.9437,51.1964,21.99425,47.75682696113075,38.13011495047489,14.3384,125.4913,25.91685
HQ_Wine07-B01_R04.txt,HQ,6.063640176678445,4.607843554640773,2.4479,19.2733,3.6006,35.426045512367494,11.379869930089132,23.0838,53.9629,31.31945,68.20092487632509,43.95359844184683,25.9539,153.4115,47.238550000000004,18.31750363957597,12.144049643702916,8.0785,50.5223,12.072700000000001,29.4801254770318,12.50931038967493,16.5896,51.3857,23.78835,52.43918144876325,37.940000091494056,17.1594,129.1525,33.8513
HQ_Wine09-B01_R07.txt,HQ,5.314993957597173,4.2396791828349425,2.0955,17.5133,2.97895,35.10478144876325,12.195484736949785,22.4114,55.2091,30.60205,65.8276835335689,45.79589876014785,23.7472,154.1364,40.3457,18.077093109540638,12.190224318730444,7.9675,50.3377,11.55475,28.38373625441696,13.70563464725731,14.7696,52.419,22.396749999999997,50.12191208480566,39.22878149361204,15.6172,130.3001,27.3274
HQ_Wine09-B01_R04.txt,HQ,5.456440247349824,4.377999913177584,2.1143,17.9906,3.0975,34.90671890459364,12.009932639654927,22.3587,54.205,30.5175,65.47420204946997,45.13952848017223,23.8272,151.9796,40.9616,16.935261731448765,11.60611177711739,7.2478,46.8055,10.7334,28.450635689045935,13.446573922196515,15.0138,51.5587,22.4964,49.7779003180212,38.81126871582705,15.489,127.956,27.3881
HQ_Wine07-B01_R01.txt,HQ,5.278579787985866,4.1813902676494745,2.0734,17.2089,3.0808999999999997,31.344412579505295,11.181176895251026,19.6772,50.5672,26.90585,57.64837289752649,40.974955439979325,20.1248,141.8635,36.7526,16.19642883392226,11.232636400058688,6.8689,46.1455,10.2078,24.61217840989399,12.381258877718833,12.4419,47.4622,18.7977,44.64018431095406,35.07560991119643,13.5319,117.7541,26.1197
HQ_Wine06-B01_R08.txt,HQ,7.267771448763251,5.41455979304386,3.1049,22.4242,4.2469,38.60393113074205,10.569546206845983,27.2335,55.0175,35.47905,76.22626325088339,45.03942424085488,32.832,159.5761,53.400800000000004,21.476714310954065,14.670741348657128,9.4721,60.6466,13.331299999999999,32.954953038869256,13.82451804858383,18.983,56.7989,27.0982,59.15089275618374,39.45228222662523,22.6218,134.7816,38.4932
HQ_Wine06-B01_R10.txt,HQ,8.29578,6.0011233289920884,3.6391,25.1776,4.94055,40.12937367491166,9.594564050392822,29.4087,55.0941,37.57215,82.38267837455831,43.70777146119164,38.633,160.2555,61.578450000000004,24.743632897526503,16.242894805914187,11.2132,67.8788,15.93315,35.460772226148414,12.142518127729804,22.6291,55.4404,30.797600000000003,64.60043003533569,38.99882132965949,27.0365,136.9003,44.5886
HQ_Wine08-B01_R04.txt,HQ,5.601354346289753,4.478099383775738,2.1844,18.3073,3.1660500000000003,35.81595787985866,12.53792454150399,22.9031,55.9073,31.45495,66.35333876325089,46.38175314758688,23.9817,156.1609,40.9965,16.58311554770318,11.36385612084978,7.2378,46.3504,10.42215,29.202096678445226,13.986910841482029,15.4452,53.2098,23.26305,51.036264240282684,40.0842809229945,15.5261,132.0199,27.85745
HQ_Wine09-B01_R03.txt,HQ,5.914067279151943,4.736400741000079,2.3571,19.1885,3.207,35.06579448763251,11.876000296076938,22.9812,54.0,30.8061,65.46145067137809,45.0085861951975,24.6357,151.0964,40.2888,17.536538339222616,11.934177289387172,7.7635,48.2658,10.832650000000001,28.424886148409897,13.282651405127007,15.578,51.3168,22.792450000000002,50.25325561837456,38.89589647554934,15.8384,127.3649,28.232
HQ_Wine08-B01_R05.txt,HQ,5.8000515547703175,4.645115108270227,2.2601,19.0645,3.26765,36.36011681978799,12.432209580056957,23.4069,56.2021,32.0583,68.19068939929329,46.484970264034985,25.1515,156.6276,42.5467,17.254855865724384,11.668949707856376,7.5443,47.3653,11.065100000000001,29.896241095406364,13.922385330215041,15.9954,53.9258,24.0054,52.63252441696113,40.553583255916884,16.5224,133.7789,29.386400000000002
HQ_Wine09-B01_R08.txt,HQ,4.815838303886926,3.9048908491974004,1.7979,16.1688,2.7254,34.014964204947,12.522184062648533,20.9013,54.4487,29.11645,63.214352897526496,45.46713672689564,21.5894,151.5369,38.61685,16.187651908127208,10.96732285473606,6.9474,43.9957,10.39595,27.20078109540636,13.823896449685313,13.4792,51.995,20.70165,47.72222650176679,38.49617031071634,14.0008,126.9734,25.8496
HQ_Wine06-B01_R02.txt,HQ,4.692244628975265,4.158110646669307,1.6035,16.7853,2.4033499999999997,27.965007067137808,11.751515478380087,16.33,48.397,23.159550000000003,48.748501625441705,39.74794302244141,14.2805,132.2986,26.59285,13.864792261484098,10.830177297606742,5.2997,43.2757,7.7155000000000005,21.485699045936396,12.12961732510982,10.0628,44.472,15.63675,36.41066607773851,32.636032203863714,8.9437,106.3886,17.44255
HQ_Wine05-B01_R10.txt,HQ,4.746416961130742,3.8565178944496843,1.7879,16.1517,2.69405,31.819953180212014,12.18862867903755,19.042,52.419,26.72945,58.64924155477033,43.37447725470913,18.9265,147.063,36.450450000000004,15.037001908127209,10.757412726971372,6.1492,43.4511,9.3261,25.35637703180212,12.84099972373677,12.5151,48.9546,19.08625,44.226571554770324,36.43403783114424,12.1034,122.186,24.594250000000002
HQ_Wine05-B01_R05.txt,HQ,5.488715371024735,4.459458364316879,2.0819,18.198,3.0754,32.87166378091872,11.650950565450184,20.6534,51.9599,28.430349999999997,61.4690267844523,43.31279234366272,21.3456,148.0748,39.29235,17.21405247349823,12.414951494552659,7.046,50.3531,10.555250000000001,26.268627208480563,13.468250504708083,13.0794,50.4831,19.8716,47.003032367491166,37.01389583644505,13.9553,122.6141,26.9696
HQ_Wine06-B01_R05.txt,HQ,8.042963180212015,5.866984575927292,3.4155,24.4641,4.84515,37.91810102473499,10.140832823770596,26.4763,54.0558,34.7161,75.58595830388693,42.89070676106351,32.2475,156.3473,55.845,23.27843480565371,15.497219637390794,10.1002,65.19,15.22505,32.48479438162544,12.327584582123245,19.3244,53.3008,27.2775,58.24577035335689,37.54154942717829,22.0853,130.8463,39.809
HQ_Wine06-B01_R04.txt,HQ,7.959160318021201,5.867373536647251,3.3796,24.4072,4.7776499999999995,38.06010070671378,10.46706023605361,26.6257,54.3923,34.77095,74.97464070671379,43.96660154475258,31.6501,156.0679,53.35915,22.75116593639576,15.483868235046259,9.8811,64.4166,14.4472,32.390021978798586,12.998487587110136,19.1851,54.336,27.2408,57.657668056537105,38.311199104140975,21.4783,130.8463,37.94555
HQ_Wine08-B01_R07.txt,HQ,5.817864946996466,4.580929784713895,2.345,18.8628,3.21535,36.82139819787986,12.3635466259629,23.8416,56.579,32.52975,69.5368870671378,47.071726522598674,26.4444,158.5188,42.39435,17.6298319434629,11.86483327536163,7.7479,48.2658,11.0122,30.387696572438163,14.011654213215648,16.3427,54.205,24.33045,53.17392159010601,40.595590004037234,17.4996,135.1429,29.6667
HQ_Wine05-B01_R02.txt,HQ,5.642304487632509,4.600490379551746,2.1075,18.9905,3.2144500000000003,31.537167667844525,11.772709871112934,19.3494,51.145,26.93475,57.17463925795053,42.087121837730336,18.6097,142.0212,35.772149999999996,17.027332614840986,12.322581156117359,6.9057,49.8954,10.5973,25.146836325088337,12.728097435929309,12.572,48.4919,19.110950000000003,43.33628409893993,35.66183598987367,11.954,118.0986,24.227899999999998
HQ_Wine08-B01_R10.txt,HQ,5.109139222614841,4.117093013464986,1.95,17.0249,2.8922999999999996,35.35404462897527,12.810972287500983,22.023,55.8877,30.3997,65.97756180212014,46.76698901678272,22.9868,156.2541,40.36285,15.898005759717314,10.936113243074539,6.7861,44.3941,10.067,28.92192473498233,14.221212263771953,14.7196,53.7962,22.6291,50.39954356890459,40.11192655943855,15.0733,133.0,27.6723
HQ_Wine08-B01_R03.txt,HQ,6.043602155477031,4.775617739575502,2.4042,19.4791,3.45445,36.16310194346289,12.132761343985548,23.5488,55.751,31.8615,66.45395014134276,45.462714711531945,25.0021,154.3185,41.3888,17.232163392226145,11.534352494895852,7.6909,47.0423,11.0619,29.34315996466431,13.535554270921658,15.9747,52.6866,23.5457,51.435161554770325,39.53942227689614,16.1474,130.8463,28.45505
HQ_Wine09-B01_R09.txt,HQ,5.381354593639576,4.222756604113068,2.1348,17.5821,3.14655,35.85996950530035,11.906349713397601,23.3885,54.6563,31.591250000000002,68.20967335689045,45.740759995563174,25.5394,153.4115,43.583200000000005,18.222801413427565,12.133744380611905,8.1743,50.9568,11.606,29.152152084805653,13.64557048677759,15.4894,52.5615,23.1808,51.70152522968197,39.02637751584819,16.75,127.3649,29.5924
HQ_Wine09-B01_R10.txt,HQ,4.944277243816254,4.039322808548848,1.8745,16.4963,2.7568,35.064449893992936,12.46726890085106,22.1728,55.1324,30.678350000000002,66.07114325088338,46.57564170463167,23.4606,155.8821,40.816649999999996,17.11069915194346,11.51051012215764,7.593,46.75,10.9628,28.087505795053,14.043647117200134,14.232,52.5793,21.86565,49.715093392226144,39.46150900019584,15.1338,129.7579,27.3738
HQ_Wine05-B01_R06.txt,HQ,6.024650530035335,4.781826248559056,2.4094,19.7074,3.30705,32.15191395759717,11.086511782258718,20.9502,50.8889,28.1119,59.27291469964664,41.876482003055955,21.6843,142.2582,36.05245,17.999709328621908,12.62771708213896,7.7765,50.8632,10.812100000000001,26.0407719434629,11.96543964626058,14.5099,47.3855,21.1414,46.12512816254417,35.971123998520966,14.4706,119.7879,25.639000000000003
HQ_Wine05-B01_R04.txt,HQ,5.632457491166078,4.567567197399822,2.1793,18.7407,3.1799999999999997,32.64740427561838,11.490412155859477,20.6909,51.75,28.519399999999997,60.9807693639576,42.72067606011868,21.3897,145.5676,39.5301,17.532430141342758,12.664057213892972,7.2027,51.2388,10.76015,26.294354134275622,13.013204531932976,13.4898,49.62,20.2795,46.570825335689044,36.60230115838612,13.9667,121.8212,26.99425
HQ_Wine06-B01_R07.txt,HQ,7.0679281978798585,5.293657885243299,2.9488,22.1595,4.2096,37.42398939929329,10.76359760246801,25.5325,54.4864,33.71935,73.37551911660778,44.14765961783454,29.7844,156.534,52.42975,20.79648212014134,14.229903548737123,8.9803,59.3648,13.344100000000001,30.951377243816257,14.06366737878599,16.453,56.2021,25.0888,56.63749176678445,38.480952773844564,20.292,131.8809,37.33015
HQ_Wine09-B01_R01.txt,HQ,6.678514522968198,4.829085699038467,2.9251,20.4077,4.1443,32.66048636042403,11.036470151934447,21.5801,51.0936,28.4497,59.41654780918728,42.03174435637194,21.061,140.924,35.9636,20.322754275618376,13.092508599021636,9.1472,53.2926,13.205449999999999,25.454182826855124,11.958731759971807,13.9624,47.035,20.042,43.05254554770318,34.58658093025363,12.7924,114.6733,23.497
HQ_Wine09-B01_R02.txt,HQ,6.5430874204947,5.00653387224097,2.6263,20.4763,3.851,35.77517664310954,11.227501671294764,23.8228,53.6855,32.1258,67.39510922261482,44.0132195497365,25.8933,151.0086,44.0917,19.287333816254417,12.657523241020973,8.4954,51.7138,12.8564,29.200816961130744,12.791865949860618,16.3131,51.145,23.2356,51.50001275618374,38.25809562816417,16.8383,126.9734,30.50195
HQ_Wine07-B01_R08.txt,HQ,6.13830632508834,4.866402057597775,2.3519,19.8508,3.59195,34.11086385159011,10.924542738651772,22.3704,51.7151,30.066200000000002,64.55112247349824,42.6288345288836,23.8333,147.063,43.7033,17.332903392226147,11.983476811648716,7.3839,49.4435,11.21805,27.85788300353357,12.6342883722798,15.006,50.5167,21.9456,49.307862932862186,36.765329356573815,15.7379,123.5399,30.40515
HQ_Wine05-B01_R09.txt,HQ,5.537067632508834,4.4214704906961995,2.1981,18.0752,3.0312,33.82815911660777,11.89053695720126,21.6701,53.319,29.79445,63.68369826855123,44.66653309040543,22.9809,151.1844,40.18655,17.096903992932862,12.06705643472195,7.389,49.1603,10.28405,27.750831060070674,12.756906456776067,15.2301,50.0156,22.43185,48.61417424028268,38.15939623528636,14.9608,126.1321,27.625300000000003
HQ_Wine05-B01_R07.txt,HQ,5.285608021201413,4.229436304190087,2.0615,17.2767,2.9844,31.734077526501764,11.675580931687385,19.5505,51.2136,27.185850000000002,58.7540232155477,42.40566722130818,19.8662,144.0984,36.7273,16.378457703180214,11.618804595167319,6.8567,47.4926,10.0504,25.182828939929333,12.74439403086477,12.5753,48.5871,18.961,44.97545240282685,36.116313463813874,12.9923,119.6113,25.371000000000002
HQ_Wine07-B01_R02.txt,HQ,5.610402049469966,4.3237646210662195,2.2895,18.1035,3.2705,33.43762957597173,11.410118109908836,21.3179,52.2063,28.83565,63.309977243816256,43.11712133518988,22.9216,148.4148,41.6907,17.283054628975265,11.820617120631841,7.5008,48.8351,11.102,26.86778809187279,12.848887961779479,13.893,50.3321,20.70705,48.41718286219081,36.79458179257932,15.1541,123.3538,28.8879
HQ_Wine05-B01_R08.txt,HQ,5.8962640989399295,4.604974904282837,2.338,19.0004,3.36545,34.167561236749115,11.592424387046698,21.8514,53.2644,29.79035,65.08346349823321,44.138591237254175,23.6676,151.3604,42.8351,18.194170954063605,12.565290293325921,7.7843,51.4281,11.45595,27.155207879858658,13.52059723529886,13.7695,51.6629,20.49075,49.71285420494699,37.705200813324694,15.6338,126.3254,29.811950000000003
HQ_Wine07-B01_R03.txt,HQ,6.65609706713781,4.948560378862416,2.8379,20.4393,3.89415,36.3902345229682,10.942347290798017,24.5954,54.0372,32.824349999999995,71.38983809187279,44.28015239905666,29.0785,155.8821,49.17515,20.4433096819788,13.471260309486139,9.2328,56.1572,13.15645,29.949416607773852,13.228106560917901,16.4317,52.9563,24.256700000000002,54.756075689045936,38.323741642544114,19.5398,130.5045,34.3078
HQ_Wine08-B01_R09.txt,HQ,5.688647632508833,4.45012734137145,2.236,18.4076,3.32965,36.76345522968198,12.504619172752975,23.4069,56.9194,32.1573,69.88759477031802,47.01397854127768,25.4402,160.1581,45.2385,17.531200530035335,11.673211750616735,7.5673,48.1646,11.54485,30.374732190812722,14.112159335450675,15.9127,54.5806,24.0719,53.48195098939929,40.653423196611655,16.7236,135.3604,30.91335
HQ_Wine09-B01_R11.txt,HQ,5.641718975265019,4.472661760363696,2.2618,18.6049,3.17905,37.28753745583039,12.158592371650931,24.5954,56.3009,33.4191,72.3725028975265,47.52280253987927,28.1323,160.7438,46.0231,18.669060848056535,12.53145087408003,8.2869,50.9724,11.70565,30.78720371024735,14.237119763937784,16.6369,55.2283,24.919800000000002,55.479009045936394,41.17048967386048,18.7213,135.8704,31.63325
HQ_Wine07-B01_R06.txt,HQ,6.359502226148411,4.79303585869262,2.7101,20.1717,3.7019,31.419643922261482,10.516074047330585,21.0702,49.0351,27.68155,56.495139222614846,40.88291783067871,19.7483,136.4572,34.1594,18.331411908127208,12.486875232942154,7.9938,51.4439,11.415,25.077851272084803,11.659175815355269,14.0432,46.3154,20.003149999999998,42.085651378091875,34.21207900988938,12.1889,111.9356,23.28255
HQ_Wine07-B01_R10.txt,HQ,5.5384839575971725,4.362195734694605,2.157,17.5913,3.0957,32.04624212014134,11.65169917334506,20.1878,51.7326,27.8053,58.0781445229682,42.93217383389002,20.0417,145.5676,33.96125,15.488987102473502,10.781966201623494,6.6627,43.881,9.315999999999999,25.094518303886925,12.752940657491783,12.8458,48.9065,19.232300000000002,44.61756522968198,36.393719805494776,13.2819,119.965,24.31895
HQ_Wine08-B01_R06.txt,HQ,6.1412061130742055,4.6922349611503185,2.5236,19.555,3.6054,37.78968332155477,12.163064681599112,24.7652,57.0605,33.552099999999996,72.0622735689046,46.902328571821364,27.4777,159.9637,47.316,18.61965512367491,12.245057422638402,8.1984,50.2458,12.3352,31.360110212014135,13.919639975810966,17.0635,55.0749,25.4478,55.56809650176678,41.04712961898317,18.217,136.0167,32.634299999999996
HQ_Wine08-B01_R08.txt,HQ,5.352318162544169,4.232107141030206,2.0666,17.3992,3.17625,35.74271328621908,12.857832851242799,22.0862,56.4198,30.95165,66.6173371024735,46.6918111377882,23.1536,157.7575,42.23665,16.46050346289753,11.139695119700626,7.0608,45.7125,10.815249999999999,29.15380505300353,14.252170256904922,14.7196,53.7408,22.596600000000002,50.84439,40.198197333091166,14.9447,133.141,28.710099999999997
HQ_Wine08-B01_R02.txt,HQ,6.044686607773852,4.763378705853367,2.4007,19.7995,3.52685,35.835135017667845,11.977749339105186,23.3089,55.1324,31.65295,65.61305918727916,44.4614500879422,24.4388,151.9796,41.7741,16.791767279151944,11.184233522256728,7.4906,46.6117,10.9628,29.145281448763246,13.386553714488768,15.7772,52.3835,23.26305,51.10104720848056,39.16961536548933,15.8133,128.2203,29.20505
HQ_Wine05-B01_R03.txt,HQ,5.292957597173145,4.430984065050751,1.9753,18.2028,2.8226,31.590614558303884,11.9529432470201,19.5454,51.3512,27.30325,57.694813356890464,43.02446412866663,19.1935,143.856,34.34965,16.32396318021201,12.068207399747651,6.6146,48.3383,9.52445,25.253112508833926,12.989473548004467,12.7777,48.8263,19.38195,44.00086038869258,36.52464295565802,12.2782,119.3179,23.3638
HQ_Wine06-B01_R09.txt,HQ,7.1105089399293275,5.300973028464981,2.9616,21.898,4.257,37.919301872791515,10.338796411645607,26.3773,54.0744,34.6068,75.0375148056537,43.82139732670032,31.8364,157.0026,54.2949,21.08800908127208,14.320799936258792,9.1501,59.9712,13.4839,32.36412650176678,13.448113411274207,18.2903,54.5429,26.313850000000002,58.302869540636046,38.48477806061332,21.8191,132.4384,39.10565
HQ_Wine09-B01_R05.txt,HQ,4.622328657243816,3.8893405595999537,1.6313,15.7881,2.573,31.95476438162544,12.421883900962404,19.2248,52.7942,26.8265,57.94195720848057,43.480051558884036,18.8824,145.9803,34.3776,14.61952925795053,10.356833566447943,6.0266,41.5128,9.177150000000001,25.39778632508834,13.311070246924746,12.3327,49.5872,19.04445,43.94626374558304,36.85268902089477,12.2163,121.3978,23.16855
HQ_Wine06-B01_R01.txt,HQ,7.419405477031802,5.461009457238509,3.2874,22.9809,4.43515,29.627239540636047,9.876583530988356,19.887,46.6132,25.98205,53.008166713780916,37.774730736013424,18.7748,128.2203,32.8761,21.490218833922263,14.59750291557249,9.4953,59.8138,13.356950000000001,22.702780600706713,10.931951288398002,12.1328,42.8373,17.89115,38.280474593639575,30.59914198380327,11.5234,102.6345,21.230249999999998
HQ_Wine07-B01_R09.txt,HQ,5.26917812720848,4.246562150276364,2.0023,17.4265,3.045,32.9044828975265,11.471710741930139,20.6106,51.7849,28.391750000000002,61.54385017667844,42.75968037758407,21.2631,146.9792,40.66655,15.684682932862188,11.146597449725963,6.4475,45.418,9.8647,26.236868021201417,13.387251484785896,12.8015,50.8889,19.634050000000002,46.79436918727915,36.41579929617052,13.8645,122.4303,27.908549999999998
HQ_Wine09-B01_R06.txt,HQ,6.339999787985865,4.796845256384751,2.6459,19.9899,3.7164,37.228676042402824,11.36320302371663,25.0688,55.2283,33.55685,71.54244530035336,45.579247461921106,28.6686,155.8821,46.4464,21.240955724381624,13.519374042594508,9.7239,52.7479,13.881499999999999,30.76158067137809,13.257007855565092,17.2897,53.2098,25.387,55.23635360424028,39.772009931343256,19.3584,132.7889,32.48595
HQ_Wine06-B01_R06.txt,HQ,6.719421272084806,5.188487369623593,2.7334,21.3126,3.91285,36.22591685512367,10.904070527797117,24.3369,53.5018,32.5206,69.90935703180213,43.72886292506227,27.6144,153.0513,48.84245,19.52945473498233,13.651549510336725,8.2278,56.6984,12.2886,30.486321590106005,12.901019341477108,17.0723,52.5793,24.67365,53.78614530035335,37.89228419086265,18.4796,128.3527,34.56465
LQ_Wine10-B03_R03.txt,LQ,2.762386042402827,2.4563903719796114,0.7926,9.7386,1.5652,18.714223498233217,6.979336397477248,11.5864,33.6667,15.6713,28.39835932862191,17.12815122119496,12.2473,68.9819,20.874200000000002,7.615809575971731,4.120300451511798,3.9276,19.1141,5.8288,13.080504204946996,5.8350116820461215,7.0967,26.4409,10.70225,20.830658480565372,12.841983093594722,8.4003,51.8895,15.4952
LQ_Wine10-B02_R08.txt,LQ,5.311304770318022,3.6809847823335957,2.2515,15.5675,3.4877,23.47820332155477,7.452445591955472,15.3533,38.6268,20.36105,36.02081070671378,19.18881570932844,16.5747,79.7,28.5485,12.272364487632508,6.026198709035828,6.6074,28.8576,9.8572,16.684171448763248,6.850553912961957,9.2461,31.7238,14.189250000000001,27.434860989399294,14.927115954332253,11.9303,62.3225,22.022750000000002
LQ_Wine10-B02_R03.txt,LQ,2.8329244169611307,2.4128892545142446,0.8614,9.6209,1.6059999999999999,18.875653533568904,6.979202917705657,11.577,33.907,15.9189,29.765755477031803,17.02266693618356,13.0535,70.6379,22.921599999999998,7.753917137809187,4.31483729188233,3.9099,19.7585,5.91995,13.492124946996467,5.840910659065278,7.3061,26.8265,11.374600000000001,21.853890353356892,12.786198403663462,8.9185,52.5029,17.10775
LQ_Wine10-B01_R03.txt,LQ,3.07127777385159,2.5010941550429933,0.9924,10.2154,1.8278,19.63343335689046,6.5923288114219725,12.2932,33.5998,17.1629,31.87486600706714,16.99663252679831,14.3462,71.9135,25.5096,8.454803886925795,4.451673879667579,4.3565,20.7533,6.6134,13.69989738515901,5.595459980963592,7.4446,26.3209,11.9067,23.17217406360424,12.71808351248626,9.6561,52.9451,18.809
LQ_Wine10-B01_R06.txt,LQ,2.398969363957597,2.1678410507947135,0.6383,8.5255,1.2669000000000001,16.000522332155477,6.302901661773584,9.5229,29.9711,13.1767,23.820488939929334,14.858152908560385,9.9378,60.0303,17.31065,6.616785618374559,3.7784294281516395,3.3042,17.0876,4.9087,10.950632756183746,5.137896129485485,5.6963,22.9812,8.9032,17.28086703180212,10.878556636538583,6.7837,44.0597,12.91885
LQ_Wine10-B02_R01.txt,LQ,2.119175618374558,2.0588256105426366,0.3841,8.0388,1.1444999999999999,17.14551077738516,6.336098569548402,10.1847,30.7166,14.7792,27.472691802120135,15.846902225131917,11.4183,64.879,21.42845,6.22299254416961,3.76247892271929,2.8361,16.7808,4.612550000000001,11.320805053003536,5.150610690582694,5.773,23.0354,9.50255,18.90180508833922,11.483270043328476,7.2603,46.3778,14.611550000000001
LQ_Wine10-B01_R04.txt,LQ,2.7350534275618372,2.46864267081935,0.7288,9.6797,1.4316,19.43642416961131,7.067194862444605,11.8971,34.0522,16.47,30.939414699646644,17.25589398557335,13.5097,71.3991,24.3064,7.569881060070672,4.283226431080045,3.7067,19.5398,5.7349,14.345663356890459,5.815762998385807,7.9825,27.2555,12.31785,23.15484770318021,13.145706946981623,9.4663,53.9465,18.4556
LQ_Wine10-B05_R03.txt,LQ,2.7613691872791515,2.5086768705118048,0.7303,9.7003,1.4606,19.636806395759717,7.106196554608548,12.0938,34.2668,16.596049999999998,31.414528303886925,17.584499543566846,13.8306,72.069,24.594250000000002,23.55873120141343,7.966661731147361,15.6421,46.0503,20.72645,13.793508445229683,6.0030650260043235,7.4818,27.2702,11.64775,23.222507208480565,13.37959611376954,9.5565,54.6292,18.3002
LQ_Wine10-B03_R09.txt,LQ,2.5967167137809186,2.046101614792298,0.8921,8.5145,1.6215,15.002841696113075,6.279434209721204,8.4155,29.2561,12.4635,21.205000494699647,13.957753166500686,8.1077,56.5533,15.26575,7.207643604240282,3.865140390781708,3.7825,17.8132,5.49225,9.731326819787986,5.057744156068821,4.6131,21.897,7.7713,16.035872367491166,10.456180677919125,5.8982,42.4612,11.739
LQ_Wine10-B03_R07.txt,LQ,4.3420361837455825,3.2847241254590753,1.6773,13.5134,2.6352,21.246813250883392,7.231067727429719,13.6829,36.0698,18.0302,32.013751413427556,18.046061032052744,14.3695,73.9212,24.63565,10.123868869257949,5.3875031579755,5.2713,25.0215,7.7856000000000005,15.073449045936396,6.559252127706499,8.207,29.6109,12.56025,24.690105017667843,14.27403080711954,10.4762,58.5956,19.3108
LQ_Wine10-B04_R10.txt,LQ,2.8699230742049466,2.1158134608426145,1.0952,8.9634,1.8612,15.98209441696113,6.857205097705209,8.8347,31.4505,13.22725,22.516618657243818,14.976885487979855,8.2654,60.2083,16.26085,8.014534275618376,4.0692386516198775,4.2996,19.2035,6.2612,10.201709116607773,5.344082917399382,4.7699,23.0415,8.134599999999999,16.722147879858657,10.932843441603632,5.9462,43.9957,12.3162
LQ_Wine10-B02_R05.txt,LQ,3.0452296819787987,2.616064464152841,0.912,10.3898,1.7135,20.210632544169613,7.308498024537384,12.4552,35.4585,17.0679,31.81961113074205,17.849662542231755,14.0847,73.7059,24.73795,9.378706183745583,4.676077708564027,5.057,22.1824,7.3814,15.103145689045936,6.023069872063737,8.5588,28.3609,12.970749999999999,23.562036183745587,13.529469697316397,9.7712,55.7474,18.621850000000002
LQ_Wine10-B01_R11.txt,LQ,2.8724135335689045,2.2083235957435536,1.0577,9.19,1.80125,16.438347102473497,6.248231537600255,9.6813,30.3117,14.03765,23.780225618374555,14.530555024337144,9.6356,59.501,17.885350000000003,8.445637102473498,4.195700304782492,4.6865,19.9228,6.605,10.816263992932862,5.12630791885324,5.4139,22.8133,8.9604,17.55349102473498,10.667251764542462,6.8323,43.5265,13.4341
LQ_Wine10-B01_R07.txt,LQ,3.039100954063604,2.427866727123969,1.0577,9.9258,1.783,19.07160187279152,7.3563686371166765,11.3839,34.8109,15.85715,28.43923989399293,17.104253948507445,11.8933,69.2985,21.2686,8.193099505300353,4.349826869639271,4.2914,20.2448,6.30115,13.544214946996465,6.036317047728033,7.2238,27.2922,11.1734,21.05887964664311,12.814197290943167,8.3543,52.1466,15.9987
LQ_Wine10-B04_R07.txt,LQ,3.1156699999999997,2.683313123607152,1.039,10.5413,1.628,19.657952508833922,7.525272592523886,12.1328,35.3563,16.1996,30.698270954063606,18.013058657137297,13.569,72.7749,23.35785,8.682790954063604,4.7462241185965794,4.624,21.8416,6.6014,14.358144310954064,6.345859880661745,7.9221,28.4381,11.9003,23.347637915194348,13.948965222920709,9.7357,56.5533,18.04935
LQ_Wine10-B03_R05.txt,LQ,3.1135385159010602,2.471411108664792,1.0764,10.1244,1.8262,19.366616431095405,7.402620959191404,11.7378,35.3053,16.1034,29.50926060070671,17.67056041851119,12.5772,72.1469,22.1224,8.265677667844523,4.29854382603749,4.3789,20.1873,6.3647,14.37287477031802,5.941407576073111,8.0675,27.8053,12.12955,21.699796431095407,13.074841860327595,8.7263,53.3758,16.686300000000003
LQ_Wine10-B01_R10.txt,LQ,2.834903250883392,2.180471327073624,1.0188,9.0593,1.7614,16.480409187279154,6.500150104395687,9.7253,31.0506,13.737,23.15242731448763,14.639109378074313,9.3823,59.1905,16.851550000000003,7.658282438162543,4.0118510126672495,4.0783,18.6339,5.8811,10.444392120141343,5.170787165855467,5.2152,22.7776,8.388,16.76322371024735,10.492289379059248,6.5284,42.6445,12.508949999999999
LQ_Wine10-B02_R09.txt,LQ,2.870216643109541,2.3247184994970667,0.9599,9.539,1.6995,17.782174805653707,7.1051233626079195,10.3335,33.514,14.7715,25.1472248409894,16.102972790141916,9.9618,64.3728,18.3455,8.497696784452296,4.059985109699219,4.7388,18.8775,6.668699999999999,11.49550180212014,5.669747950596631,5.6601,24.9627,9.35965,18.835647314487634,11.880637917810178,7.0386,48.2803,14.24185
LQ_Wine10-B04_R01.txt,LQ,1.9296883745583036,2.0143938025273225,0.2847,7.7271,0.9105,17.021650141342757,6.899811748253813,9.9531,32.0179,13.9533,26.144802049469963,16.407332802318386,10.6129,65.5931,19.171149999999997,5.833304522968199,3.684035921243786,2.6476,16.1603,4.166399999999999,11.670681590106007,5.600184561105237,6.0766,24.5046,9.3476,18.35747540636042,12.12605299413254,6.9769,48.179,13.2619
LQ_Wine10-B05_R01.txt,LQ,2.2586030388692584,2.156697746312169,0.4638,8.403,1.1925,18.107378833922258,6.857455299239011,10.8045,32.9589,15.317450000000001,28.533088127208487,16.712410396060225,11.9371,68.547,21.8078,6.608372826855122,3.901376309798131,3.1197,17.4493,4.9129000000000005,12.642841413427561,5.660507302628702,6.651,25.5122,10.54075,20.41665190812721,12.49557134032878,7.8599,50.5069,15.5944
LQ_Wine10-B02_R07.txt,LQ,3.196754275618375,2.4761457962640354,1.1658,10.2276,1.95255,19.06069809187279,7.552464248437532,11.2852,35.3155,15.773150000000001,28.397551236749113,17.310928177479617,11.7357,70.5624,21.2412,8.547759717314486,4.490697161023125,4.5266,20.8284,6.5858,13.536676784452297,6.150707670298316,7.1851,27.6181,11.108,21.130513992932862,13.024619474855083,8.3759,53.1267,15.93945
LQ_Wine10-B04_R04.txt,LQ,2.38315148409894,2.2502538025636563,0.5469,8.7651,1.2218,16.70477141342756,6.5585724432733565,9.7916,30.9645,13.933150000000001,25.189559222614843,15.319455493376271,10.2794,62.3642,18.92165,7.042559787985865,3.854950255513854,3.4535,17.7436,5.4314,11.738642473498235,5.317268585393246,6.1935,23.9801,9.6951,18.488936961130744,11.51921549670788,7.2052,46.8889,13.9023
LQ_Wine10-B03_R04.txt,LQ,2.847909540636042,2.5485212862153674,0.7758,9.9348,1.4832,20.029547526501766,7.097133451858436,12.5218,34.582,16.90335,31.357602296819785,17.49819952555999,14.1497,71.8877,24.34095,8.988039434628975,4.547588360511071,4.7892,21.9433,7.0065,14.980786254416962,5.8971989453877995,8.5436,27.9335,12.915849999999999,23.52811084805654,13.328473929082485,9.8811,54.9925,18.62425
LQ_Wine10-B02_R10.txt,LQ,3.4428118021201413,2.606325440708904,1.2653,10.8421,2.15275,20.280798727915197,7.309030750058491,12.2964,35.6538,17.45335,30.22902752650177,17.36880355205989,12.6897,71.3991,23.55475,9.08974074204947,4.641245034314782,4.7997,21.7685,7.1403,13.517601236749115,6.102887363535327,6.9129,27.3143,11.40405,21.894225017667843,12.715331715860955,8.682,52.0339,17.2089
LQ_Wine10-B03_R08.txt,LQ,3.9827788339222616,2.9335331045535398,1.5839,12.182,2.52,21.976424310954066,7.538541901543335,13.7262,37.5777,18.9341,33.034724381625445,18.41331648850144,14.537,76.2709,25.7591,10.62240996466431,4.990293556610165,5.8982,24.1934,8.551449999999999,15.180506254416962,6.432193874725012,8.0237,29.7249,13.01205,25.078608409893995,13.920668348214056,10.5195,57.9719,20.0884
LQ_Wine10-B03_R06.txt,LQ,2.4300320141342753,2.2352914761362133,0.6127,8.8318,1.2828,17.692483710247352,6.930373824260933,10.5597,32.7827,14.7043,26.422799540636042,16.06097836538257,11.0811,65.3239,19.733,7.384057455830388,3.932680363887016,3.8863,18.4748,5.5767,12.50400734982332,5.712190889243797,6.6205,25.6756,10.268899999999999,19.78994628975265,12.24784675155418,7.7999,50.0017,14.86885
LQ_Wine10-B05_R02.txt,LQ,2.2483820494699644,2.0745824609610026,0.532,8.1423,1.2186,15.503871766784453,5.69906759166599,9.4067,28.032,13.257,23.69897636042403,13.685262068110967,10.1092,56.6621,18.23365,6.464518056537103,3.7058977204636587,3.1977,16.7588,4.843,9.944458621908128,4.627787641920047,5.0941,20.6587,8.17265,16.94729851590106,10.107815502085009,6.7691,41.277,13.0517
LQ_Wine10-B04_R11.txt,LQ,3.4773589045936393,2.4770041125018785,1.361,10.5973,2.30855,19.911864522968198,7.6807730085523955,11.5927,36.333,16.905549999999998,29.195855371024734,17.81267030238895,11.4642,72.5122,22.171,10.493683356890461,4.85157196571997,5.9783,23.4001,8.46545,13.453606607773853,6.304190089559836,6.6227,27.9638,11.2361,21.664283462897526,13.089342885255382,8.1556,53.2926,16.7698
LQ_Wine10-B04_R05.txt,LQ,3.3691711660777384,2.896913983685902,1.078,11.3823,1.7821500000000001,21.771441024734983,7.521024907941568,14.0395,36.8241,18.25495,35.10663572438162,19.210320552229735,16.4963,78.2646,27.146099999999997,9.694784204946997,4.946074470230948,5.3215,23.2255,7.4906,16.098351696113074,6.524016508508377,9.2781,30.1949,13.57,26.481203922261486,14.850443296147,11.6857,60.8273,20.8823
LQ_Wine10-B03_R10.txt,LQ,2.939876890459364,2.2786024340952453,1.0421,9.4547,1.8278,18.343265265017667,7.2994815930851615,10.5539,34.2472,15.5216,26.42464551236749,16.48369014255819,10.2367,66.7559,19.7995,8.509256572438163,4.317439576794244,4.5101,20.2657,6.6808,12.353249469964666,5.908711311610166,6.0621,26.1875,10.23315,19.485547844522966,12.093514698835541,7.2603,49.1009,14.8032
LQ_Wine10-B01_R08.txt,LQ,4.195836961130741,3.2198678684489535,1.6052,13.2127,2.5473999999999997,20.409530848056534,6.899520673067294,13.222,34.6514,17.1873,30.02011300353357,17.60688695808238,13.2236,71.5015,22.4531,10.300912190812722,5.314517884984777,5.4491,24.6038,8.0586,14.04254780918728,6.2631639177547545,7.7001,28.2303,11.40095,22.355628975265017,13.448903274038273,9.3362,54.7672,17.0138
LQ_Wine10-B02_R02.txt,LQ,2.519887349823321,2.337910905645996,0.6307,9.2185,1.3234,18.91029445229682,7.091667765359521,11.5363,33.9553,15.8305,29.924874063604243,17.470233027112247,12.8778,71.3991,22.82715,7.106768021201414,4.218923677062607,3.4421,18.9954,5.2418499999999995,13.528012791519435,5.849311944411833,7.4191,26.6757,11.3221,21.639654381625444,13.085430180479952,8.682,53.1432,16.54635
LQ_Wine10-B04_R08.txt,LQ,4.043077561837457,2.955407538557514,1.6592,12.292,2.4734,18.793457879858657,6.630939377378475,11.6714,32.9589,16.02855,27.278431908127207,15.897349938323119,11.8764,65.1677,20.66235,9.773404734982332,4.94979363153469,5.2669,23.2435,7.657349999999999,12.981129540636042,5.681461534112689,6.8818,26.0271,10.9449,21.335973710247348,12.308529119184959,8.9101,51.1132,16.61835
LQ_Wine10-B05_R05.txt,LQ,2.8090003886925796,2.5749308090056204,0.7061,10.0068,1.455,20.091786572438163,7.284420015787227,12.3492,35.153,16.93395,31.611707844522968,17.857100771805523,13.8306,73.1982,24.429299999999998,8.498019858657244,4.438302930193479,4.4752,20.7801,6.5798000000000005,14.857052614840988,6.1363940700841235,8.2144,28.4072,12.6745,23.77791332155477,13.690602200361754,9.7564,56.1393,18.70915
LQ_Wine10-B03_R02.txt,LQ,3.012171130742049,2.463818066385139,0.9769,9.9648,1.7647499999999998,17.928779116607775,6.429862897057586,11.0867,31.9195,15.3353,28.32072254416961,16.015432898091248,12.6017,66.3878,21.9037,8.581783427561836,4.4289984215679326,4.6219,20.6357,6.6639,12.192063109540635,5.509441042947581,6.4052,24.9297,10.1548,21.566775406360424,12.473505122640626,9.1075,51.5389,16.853749999999998
LQ_Wine10-B01_R09.txt,LQ,2.5770879858657243,2.197774617059683,0.7956,8.8877,1.4921,16.79899911660777,6.788725379901696,9.7722,31.866,13.97155,23.282293392226148,15.13277964344446,9.0621,61.0088,16.871499999999997,7.133709681978798,3.855926610770424,3.6738,17.7853,5.4657,10.712198268551235,5.381843258297546,5.2519,23.5426,8.59675,17.211742332155477,11.138441025891213,6.3529,45.1392,12.68795
LQ_Wine10-B01_R02.txt,LQ,2.554423074204947,2.3428444720691886,0.6548,9.19,1.3554,19.361514240282684,6.98228519348341,11.8555,34.1203,16.487,31.100943144876325,17.441936745809965,13.6919,72.277,24.1903,7.306379434628974,4.166811864364556,3.5699,18.8628,5.4911,13.943325936395759,5.806483128308139,7.7713,26.8986,11.76,22.61428487632509,13.183122035087194,9.1814,53.8789,17.6627
LQ_Wine10-B02_R04.txt,LQ,2.632864028268551,2.3778483646375865,0.7106,9.3679,1.3626,19.09648717314488,7.318688631684769,11.5802,34.4929,15.7895,30.03559565371025,17.59677222667887,12.9385,71.5015,22.800600000000003,7.199318339222614,4.202249503379422,3.5699,18.9856,5.260400000000001,13.944042897526503,6.053526648970479,7.6717,27.5659,11.59425,22.209673780918727,13.380000703951783,9.0452,54.526,16.9603
LQ_Wine10-B03_R01.txt,LQ,2.2767390106007066,2.1885819095642995,0.4815,8.5967,1.2083,18.238125689045933,6.767084614731423,11.0292,32.755,15.5115,29.085426643109535,16.82149854226194,12.4271,69.2253,22.3289,6.497702756183746,3.9588891208597117,3.0422,17.6835,4.73565,12.333317844522968,5.688290016702847,6.4415,25.2625,10.0036,20.29988187279152,12.484887630043128,7.928,50.4299,15.4191
LQ_Wine10-B04_R06.txt,LQ,3.653196219081272,2.8240667909453885,1.3162,11.5465,2.21615,21.708649363957594,7.03505004588049,13.9149,36.0383,18.9243,34.61462770318021,18.068729414443656,16.1389,75.9322,27.654200000000003,9.460939469964663,4.849531923239024,4.9693,22.8448,7.43335,16.402123568904592,6.000977056716792,9.6238,29.4006,14.3741,25.837456042402827,13.798814741365375,11.2618,57.6543,20.982300000000002
LQ_Wine10-B01_R01.txt,LQ,1.8062419434628973,1.8438556220897022,0.2978,7.1353,0.8928499999999999,14.255590353356888,5.568478777817013,8.3406,26.6471,12.0501,22.25968222614841,13.643744225041162,9.1302,55.097,16.6249,5.464903568904594,3.464033594715016,2.4708,15.1905,3.8735,9.267238798586572,4.410555152746516,4.7254,19.4698,7.572900000000001,15.430135229681978,9.928090968343007,5.9669,39.519,11.433
LQ_Wine10-B04_R02.txt,LQ,2.013294487632509,2.0158722491422414,0.4165,7.7921,0.9444,14.250951802120142,5.866781584180657,8.3655,27.1968,11.58015,21.375714381625443,13.565029358392456,8.9045,53.7946,15.39655,5.816982190812721,3.6138365015982203,2.7928,15.8342,4.0723,9.902316289752651,4.729718899384672,5.1689,20.7446,7.97645,15.648469434628975,10.110639515122664,6.1772,40.1356,11.5119
LQ_Wine10-B02_R06.txt,LQ,2.582886113074205,2.2771391763118425,0.7409,8.9634,1.3962,17.72687657243816,6.868399290267477,10.6948,32.4886,14.549700000000001,26.789838763250884,16.272432889574,11.3529,65.8413,19.8662,7.076306148409894,3.969863177178643,3.5852,18.0329,5.2713,12.358051731448763,5.6384402425691444,6.562,25.2759,10.0755,19.3312322614841,11.956536309634469,7.8129,48.6004,14.494
LQ_Wine10-B01_R05.txt,LQ,2.9565932155477035,2.6265359243844166,0.8476,10.2642,1.5579,19.771263745583042,6.8881293633190674,12.4286,34.2374,16.75985,31.437408657243818,17.167254124463387,14.3811,71.5272,24.4958,8.56470480565371,4.378598240599618,4.5763,20.5984,6.711,14.493787915194345,5.762225058812008,8.2317,27.4916,12.4253,23.2405261484099,12.963507083045146,9.8632,53.7609,18.5325
LQ_Wine10-B05_R04.txt,LQ,2.3494618021201417,2.248203897914124,0.5231,8.6848,1.2083,17.223237632508834,6.502507494534166,10.322,31.5208,14.5554,26.228649045936393,15.492705034792467,11.0651,63.8078,20.0132,7.344102014134276,3.664134608359667,4.0305,17.5821,5.80725,12.198506643109539,5.275697888625254,6.5081,24.4335,10.3321,19.408273851590103,11.660016718896083,7.6316,48.0349,14.98485
LQ_Wine10-B04_R03.txt,LQ,2.8772379151943466,2.5391349312614815,0.8491,9.9498,1.5180500000000001,19.567812756183745,7.124842145143751,12.1296,34.3747,16.2857,31.413005971731447,17.666837615930575,14.1076,72.5646,24.221600000000002,21.206778763250885,7.648518050661973,14.5527,41.4183,17.5454,14.004044805653711,5.925146843910992,7.6623,27.2115,11.905100000000001,23.02158342756184,13.349691289581854,9.6797,54.6292,17.9485
LQ_Wine10-B04_R09.txt,LQ,4.7874948409894,3.283970666792737,2.087,13.9743,3.129,23.78865250883392,7.665050606614246,15.3015,39.5139,20.715049999999998,36.31342028268551,19.06494621035189,16.772,79.7303,28.948749999999997,11.834460035335692,5.621735776784304,6.5069,27.1922,9.550699999999999,16.893377102473497,6.679147705390739,9.3048,31.6088,14.75225,27.965201943462898,14.581128674387749,12.1307,61.313,23.0641
LQ_Wine10-B02_R11.txt,LQ,3.2976078798586577,2.394188063917755,1.1658,10.2672,2.12875,18.669127667844524,7.475702275511194,10.4781,34.8609,15.70585,27.395243109540637,17.347696239680367,10.2672,69.5928,20.4499,9.597083533568904,4.523051142751754,5.2147,22.0625,7.6987,12.262808127208482,6.091574187351296,5.6481,26.3068,10.1066,20.06851561837456,12.537771188871925,7.2302,50.5223,15.3371
LQ_Wine11-B04_R05.txt,LQ,2.2107593286219083,2.2915792109950415,0.4091,8.6737,0.94055,17.87579780918728,7.3242361290748565,10.5685,33.3812,14.2059,27.03106392226148,17.062945913495525,11.3333,67.4544,19.350900000000003,6.746955689045936,3.945451468448773,3.3456,17.7204,4.8779,12.770054169611306,6.014025587387339,6.7868,26.3773,10.203199999999999,20.093500424028267,12.906603865768693,7.9701,51.6183,14.64695
LQ_Wine11-B04_R04.txt,LQ,2.525509717314488,2.384263610614448,0.6142,9.2271,1.26295,16.5436228975265,6.297546482476515,10.0656,30.2115,13.7858,25.093774522968197,15.203106228556972,10.8992,61.7838,18.6001,7.12017371024735,3.9985686650378094,3.668,18.047,5.2942,11.842530494699648,5.228394776341737,6.4608,23.8103,9.798549999999999,19.057348551236746,11.738432182027108,7.8181,47.7912,14.3501
LQ_Wine11-B03_R10.txt,LQ,3.0957965371024736,2.2815911653646332,1.2115,9.6033,1.93235,16.252996042402827,6.55527384675347,9.3395,30.913,13.5361,23.242078197879856,14.700542455095924,9.2185,59.6766,17.058500000000002,8.348457844522969,4.2976307928753315,4.5432,20.1248,6.4072,10.634041660777386,5.375527631891544,5.1651,23.2905,8.48695,17.26975261484099,10.952817501489672,6.6314,44.4329,12.811900000000001
LQ_Wine12-B01_R10.txt,LQ,2.178729434628975,2.075050968648202,0.4949,8.1423,1.1155,17.44695812720848,7.128873445842561,10.0741,32.9496,14.28045,25.02898738515901,15.969678387659346,9.8692,64.22,18.217,6.577715159010601,3.7359577660136676,3.3005,16.967,4.90865,11.53215187279152,5.720454990291495,5.7447,24.9627,9.24875,18.53482526501767,11.931390982708145,6.8861,48.4109,13.6937
LQ_Wine11-B02_R07.txt,LQ,2.775219858657244,2.3360911805114672,0.8798,9.3592,1.5872,18.17733703180212,7.135692510072379,10.8372,33.5998,15.0863,26.942609575971737,16.53247501730239,11.11,66.7559,20.0858,7.677398339222615,4.232284289642782,3.9592,19.3283,5.7891,12.855307137809188,5.836189880616218,6.8707,26.2857,10.5846,20.065900318021203,12.49037031581233,7.8259,50.615,15.03705
LQ_Wine02-B01_R04.txt,LQ,2.3922196113074206,2.2399471272702556,0.5903,8.6903,1.1957,18.2676522614841,6.784836323789115,11.2085,32.8938,15.2499,28.253505936395765,16.37825565500297,12.3196,67.127,21.431199999999997,6.758788798586574,3.980783034935693,3.3626,17.8784,4.950150000000001,13.287631696113074,5.598225095074722,7.3821,26.041,11.1521,20.902766925795053,12.433595641796417,8.4927,50.9412,16.1176
LQ_Wine11-B03_R11.txt,LQ,3.404275229681979,2.5863264870497864,1.2637,10.7664,2.1049499999999997,20.354743144876323,7.7157471822745975,12.1459,36.8134,17.0899,30.27391371024735,18.108007739937168,12.4097,74.0563,23.0046,9.774158798586573,4.789579667116408,5.2931,22.8507,7.759600000000001,14.14568519434629,6.409523492497157,7.2489,28.8671,11.8507,22.631152932862186,13.439983307490792,8.8625,55.1144,17.552300000000002
LQ_Wine02-B02_R01.txt,LQ,3.0476207773851596,2.5539630856665556,0.8951,10.2947,1.80705,20.460145194346286,6.8483863812943,12.7201,34.7211,17.9328,34.241864593639576,17.866842989222786,15.3167,75.5122,27.93415,8.214522120141341,4.6168633709884865,3.9691,21.1263,6.29055,14.323071342756183,5.789516217786668,7.7665,27.1676,12.3723,23.702214204946994,13.152107699680588,9.7298,54.1841,19.18355
LQ_Wine11-B04_R11.txt,LQ,2.8474209540636046,2.302674209710276,0.9521,9.4228,1.7085,18.57170706713781,7.108012791291177,10.9329,33.8298,15.71805,26.842802296819787,16.38757462852331,10.7885,66.3649,20.17165,8.329799929328622,4.240804322032082,4.4321,19.9383,6.5129,12.683960494699647,5.832164146667495,6.3988,26.1595,10.65065,20.09279070671378,12.177744295700899,7.5981,49.5935,15.44575
LQ_Wine11-B02_R02.txt,LQ,2.5956092932862194,2.3728298497935434,0.7,9.3419,1.3578,18.918092402826858,6.807340140932192,11.8172,33.4286,15.9354,29.847011130742047,17.240933558396023,13.2273,70.7134,22.581,7.461290000000001,4.301350807404435,3.732,19.3684,5.5255,13.2648048409894,5.596342503798122,7.4168,25.703,11.16425,21.613985795053004,12.819777878799487,8.9017,52.5355,16.65335
LQ_Wine11-B04_R10.txt,LQ,3.3823581625441697,2.4258844688918932,1.3306,10.3192,2.2144500000000003,18.613850176678444,7.228084005033624,10.6536,34.5523,15.9313,27.157328233215548,16.417950249696332,10.6222,67.5248,20.7372,9.234447950530035,4.522203162279892,4.9949,21.556,7.402900000000001,12.30877328621908,5.820009024487124,5.965,25.9855,10.31335,20.28342992932862,12.19634415272166,7.5827,49.7291,15.7317
LQ_Wine02-B03_R04.txt,LQ,2.815881908127208,2.529990325681704,0.7819,9.9049,1.47595,19.151847243816256,6.883832418068238,12.0647,33.7146,16.05345,29.287825689045935,17.010046470501212,13.0247,69.2741,22.08815,7.734144028268551,4.0925420411608275,4.0664,19.1339,5.96805,13.54632816254417,5.791663705844783,7.6151,26.7259,11.299,21.513968939929327,12.856720566201059,8.9606,52.5518,16.483249999999998
LQ_Wine11-B04_R07.txt,LQ,3.0268890106007067,2.4689696113587,1.0359,9.9378,1.73245,18.86619325088339,7.277844206495938,11.1963,34.3747,15.82845,28.462199187279154,16.91535683487645,11.8159,69.0304,21.6536,8.257251696113075,4.438717835637539,4.2712,20.4869,6.34105,13.364945371024737,5.891620606415951,7.0494,26.8986,11.31595,21.777692862190808,12.874388862809335,8.5145,52.6007,16.9848
LQ_Wine12-B01_R01.txt,LQ,1.2276604946996468,1.5207562077890442,0.0555,5.6898,0.4327,12.494619717314485,5.281611052182784,7.2901,24.5629,10.0698,18.063549646643107,11.97382416217235,7.2302,48.2224,12.737449999999999,4.513192756183746,2.85065738146689,2.0564,12.5247,3.18555,8.363015300353357,3.9792203840294773,4.4927,17.9954,6.6892,12.782700494699647,8.655353979115825,4.7976,34.7766,9.1629
LQ_Wine02-B03_R08.txt,LQ,3.488302650176678,2.616831199078684,1.3083,11.0298,2.20245,18.37009826855124,7.2533869250146665,10.7688,34.1106,15.3353,25.54139148409894,16.404140055477644,9.9079,65.7509,18.62425,8.692561731448764,4.473294303253774,4.5556,21.0447,6.8201,11.925000918727916,5.911570229190758,5.8441,25.7441,9.6882,19.32665303886926,12.25374056959501,7.2453,49.7895,14.4589
LQ_Wine11-B02_R10.txt,LQ,3.534338621908127,2.5817201720511394,1.4364,10.8548,2.18525,19.936055300353356,7.7218635754139635,11.8843,36.4072,16.4551,28.857885335689044,17.836218687495556,11.8462,71.5528,21.30985,9.31323293286219,4.764884885677854,5.0699,22.2742,7.2152,12.89093109540636,6.259495864860598,6.4887,27.3143,10.45055,20.77178144876325,12.789308159766522,8.1877,51.7138,15.68375
LQ_Wine11-B04_R09.txt,LQ,3.4575662190812717,2.6975916354469374,1.3162,11.1197,2.0683,20.273485971731446,7.62903307632482,12.3723,36.333,16.8293,29.369102402826854,17.999243376570426,12.3508,71.8877,21.62845,8.758244240282686,4.6615346124484,4.6615,21.7348,6.647,13.617298339222614,6.39151922214834,7.009,28.0624,11.17185,22.021385335689047,13.416942242467803,8.8989,54.3889,16.7676
LQ_Wine02-B03_R03.txt,LQ,3.193444346289753,2.615322153328853,1.0157,10.4607,1.8087,19.553263851590103,6.587484387438385,12.4286,33.4381,16.8228,31.125436537102477,16.932340567374986,14.1804,70.5122,24.473599999999998,12.983841872791517,10.50872142283005,4.9352,64.8569,8.880700000000001,13.706084134275617,5.873467105273771,7.4075,26.7833,11.5707,23.248598127208478,12.99461145104108,10.0368,53.7105,18.38845
LQ_Wine02-B01_R07.txt,LQ,3.0606842049469964,2.4996317023039496,1.0079,10.1213,1.77715,19.626955689045936,7.094077448633128,12.0355,34.582,16.6627,29.804387915194344,17.130322560086462,12.7924,70.7386,22.939349999999997,8.351911060070671,4.403064813620831,4.332,20.3813,6.50815,14.063718869257949,5.90894539164234,7.6457,27.4102,12.0145,22.253260353356893,12.87958840525109,8.9972,53.0275,17.43335
LQ_Wine11-B03_R08.txt,LQ,4.339367985865724,3.23621053212269,1.7052,13.3148,2.6281,21.768307667844525,7.346927732433984,14.0028,36.8888,18.453899999999997,32.72637017667845,18.34347984971474,14.7536,75.2341,25.125500000000002,10.248260176678446,5.30255591297874,5.4911,24.7957,7.942500000000001,15.141887420494701,6.5758133125887275,8.2366,29.8067,12.6661,24.95050724381625,14.297659062491062,10.6472,59.0169,19.4691
LQ_Wine02-B01_R10.txt,LQ,3.1130549116607775,2.12985072556939,1.3322,9.2844,2.0734,15.532087703180212,6.40127461096912,8.9201,29.9959,12.9004,21.343127173144875,14.207565660416938,8.403,56.6621,14.9688,8.100840954063605,4.091248051078724,4.5246,19.3735,6.2285,9.667944982332155,4.969512832520436,4.7106,21.5016,7.69415,15.779078268551237,10.118503147236458,6.0751,41.0081,11.581150000000001
LQ_Wine11-B02_R06.txt,LQ,2.9035163604240286,2.332371494732857,0.9986,9.5565,1.7316,18.134973250883395,7.1231212498897625,10.8581,33.7146,14.92425,27.21428307420495,16.72667632821344,11.2878,67.8788,20.1274,7.7617226501766785,4.072882064878293,4.1263,19.0794,5.98405,12.536680282685513,5.79809897814452,6.5728,25.9301,10.33925,19.715158621908127,12.192742908708706,7.7401,49.8046,14.8888
LQ_Wine12-B01_R04.txt,LQ,1.7971080212014134,2.018002672485954,0.1817,7.6084,0.75,16.74424696113074,6.8101050396189144,9.7999,31.5824,13.67575,24.65605890459364,15.639512966386764,10.1123,62.5944,17.862099999999998,6.036412296819788,3.5245136442606837,2.9725,15.9817,4.4413,11.927923144876328,5.487900665909326,6.3116,24.6997,9.77085,18.352903780918727,11.750020593367323,7.0509,47.6487,13.60055
LQ_Wine02-B02_R04.txt,LQ,2.7474415901060074,2.4995855574802723,0.7576,9.8602,1.4123,17.311883215547702,6.560345663679156,10.7214,31.4505,14.1059,25.724125759717314,16.14925375860771,10.9469,64.4604,18.498800000000003,7.280051024734982,4.280256564121132,3.6025,19.2733,5.3161000000000005,11.187330636042404,5.4910840066936,5.773,24.0941,8.80245,18.71544929328622,11.83509528455028,7.5802,48.1213,13.8269
LQ_Wine02-B03_R06.txt,LQ,2.724207491166078,2.2444940129798274,0.909,9.19,1.5758,17.875180070671377,7.148927153918343,10.6595,33.514,14.544,26.549237314487634,16.712352308967937,11.0651,67.1736,19.20595,7.411925512367491,3.9671500950847665,3.9454,18.5084,5.6281,12.430400812720848,5.796012600903289,6.5555,25.8197,10.09385,19.482381872791517,12.336751677121882,7.6625,49.9713,14.56445
LQ_Wine11-B04_R01.txt,LQ,2.152611696113074,2.177824207032064,0.4268,8.3381,0.9962500000000001,17.908657243816254,7.054550766617198,10.7362,33.0055,14.65835,28.129079293286217,17.225677487467685,11.8831,69.2497,20.68635,6.2751122614841,3.945320052331444,2.9214,17.2631,4.43105,12.371185971731448,5.78739248279414,6.5318,25.5122,9.9924,19.83113148409894,12.696681492673857,7.709,50.6459,14.71995
LQ_Wine12-B01_R05.txt,LQ,3.160091978798587,2.63289403000388,0.9908,10.532,1.7631000000000001,20.201348409893995,7.374453237718806,12.2833,35.6538,17.0723,30.940153074204947,17.66089780573312,13.2164,72.4075,24.0251,8.543156183745582,4.626500405281085,4.3973,21.2412,6.5153,14.174996996466433,6.338995063735057,7.4284,28.5078,11.84915,23.042772296819788,13.475542703704354,9.1757,55.1668,17.906350000000003
LQ_Wine11-B01_R03.txt,LQ,2.401961130742049,2.300450677446766,0.5038,8.8765,1.202,18.467711696113074,7.135975874832679,11.0837,33.6762,15.255849999999999,28.86952865724382,16.979262166361096,12.2438,69.5191,21.92915,22.19805190812721,6.868857329933681,15.0411,39.5301,19.4036,12.50613219081272,5.828401890947099,6.5707,25.9716,10.236,21.113765653710253,12.819756879260396,8.46,51.9696,16.0793
LQ_Wine02-B03_R05.txt,LQ,3.197129540636042,2.749169449814437,0.9877,10.8643,1.76555,20.923608480565374,7.281662194304301,13.3871,35.8922,17.5777,33.317665618374555,18.38563400341001,15.5385,75.7918,25.698999999999998,9.25256780918728,4.919634258527789,4.9161,22.7859,7.02745,15.678089081272086,6.211901067249376,9.1322,29.2401,13.3518,24.9333406360424,14.12926005400432,10.8421,58.1598,19.6082
LQ_Wine02-B02_R11.txt,LQ,3.414847173144876,2.3311803870738004,1.4865,10.1183,2.2765,17.43172593639576,7.298604028548273,9.8193,33.6762,14.32535,24.87553342756184,16.310102300243347,9.4663,65.4808,17.91805,10.05027480565371,4.752513077919765,5.7326,23.0284,7.9991,11.08260925795053,5.612706421668803,5.318,24.3433,8.957799999999999,18.149380459363957,11.480468239889069,6.8055,46.8055,13.568999999999999
LQ_Wine02-B01_R02.txt,LQ,3.3433049469964664,2.7831274518075637,1.1375,11.0875,1.8562,21.32399954063604,6.607652769944452,14.1911,34.7311,18.4515,35.03421416961131,17.777813103639996,17.1999,75.3451,28.02935,9.174906254416962,4.916702895046085,4.7934,22.1481,7.0361,15.611991024734985,5.6386374155964445,9.4121,27.9184,13.6201,25.612692756183748,13.527077576657392,11.719,56.7529,20.678350000000002
LQ_Wine02-B02_R02.txt,LQ,3.256740671378092,2.7599922348475525,1.0483,10.9373,1.7531,21.305572685512367,7.311214027451214,13.6793,36.2907,17.9629,34.47443819787985,18.803335874366237,16.1091,77.8244,26.7456,8.616443427561837,4.932975532979651,4.385,22.2857,6.3446,15.402183816254418,6.108659678222411,8.9149,28.8042,13.0725,25.102104028268553,14.030878678589692,10.95,58.2731,19.8251
LQ_Wine10-B05_R09.txt,LQ,3.3347664310954066,2.5836030419454095,1.1721,10.7538,2.04375,19.63862222614841,7.539092069133315,11.4583,35.8818,16.57895,28.60425872791519,17.388739817159838,11.53,70.7891,21.555999999999997,8.620990212014135,4.473598878421263,4.5184,21.0013,6.72425,13.500521024734981,6.181033655068526,6.7758,27.6479,11.36375,21.584778727915197,13.064688854281494,8.2466,53.4926,16.686300000000003
LQ_Wine11-B02_R03.txt,LQ,2.6520497173144877,2.347766557733725,0.7364,9.2988,1.4099,18.7015722614841,6.976716393198017,11.502,33.4665,15.5236,29.17924233215547,17.20155074372027,12.7924,69.8642,21.8585,7.488014381625442,4.192696216396443,3.8099,19.0695,5.60685,12.575158127208482,5.758825529594892,6.5945,25.751,10.29615,20.821449045936397,12.65773610765834,8.561,51.4281,15.7254
LQ_Wine02-B02_R05.txt,LQ,3.141692190812721,2.682062620862166,0.9521,10.6285,1.7449,20.769364628975264,7.360584706501724,12.9725,35.913,17.5278,32.73410766784452,18.19554537985254,14.6627,75.0957,25.37755,9.613650989399293,4.824277587537458,5.28,22.7624,7.5136,15.534919858657243,6.129641493203424,8.9175,29.033,13.311350000000001,24.23610363957597,13.81595246107913,10.1941,57.0816,19.1339
LQ_Wine11-B02_R01.txt,LQ,2.130934240282685,2.09927564610313,0.4386,8.1104,1.05065,16.9498754770318,6.390396614669651,10.2904,30.6232,14.25245,27.016788869257944,16.044178227297113,11.53,64.7905,20.415599999999998,6.234046219081272,3.893126699546072,2.9087,17.0965,4.440250000000001,11.103802049469964,5.1398984590064085,5.8299,22.7299,9.107099999999999,18.32264526501767,11.477907944813449,7.2955,45.7125,13.757349999999999
LQ_Wine11-B01_R04.txt,LQ,2.792517597173145,2.530584421106097,0.7303,9.8751,1.4468999999999999,19.093103427561836,6.70321722023539,11.9646,33.0708,16.1577,29.945925724381624,16.660097537773037,13.5987,68.6915,23.1506,8.224832791519434,4.31460699327753,4.3341,20.0106,6.34345,13.787962261484099,5.58327517546333,7.8094,26.2295,11.76315,21.931229363957595,12.511751712731918,9.3074,51.5865,17.1864
LQ_Wine10-B05_R08.txt,LQ,3.065282190812721,2.443576664455879,1.0514,9.9588,1.8846,17.111840671378094,6.525782903006758,10.0233,31.4856,14.6602,24.254133568904596,14.91236627764534,9.6767,61.1505,18.35505,8.003599787985864,4.207775906500764,4.1203,19.5651,6.23435,11.331750070671378,5.257872461550903,5.9136,23.7727,9.4094,18.380760989399292,11.275362948667135,6.9547,46.1183,14.0656
LQ_Wine11-B02_R11.txt,LQ,3.539294664310954,2.0603764757490883,1.6756,9.4257,2.6334,19.74522526501767,6.835234704557853,11.926,34.5721,17.36345,28.011604169611314,15.282687196780934,11.8462,64.9011,22.54315,10.846676395759717,4.205443679819028,6.641,22.1424,9.2586,12.971514028268553,5.453951756113261,6.7319,25.5597,11.2944,20.735886466431094,11.365292065581082,8.4791,48.44,16.7985
LQ_Wine11-B01_R09.txt,LQ,2.58534222614841,2.1872319429159077,0.7941,8.8402,1.4598,17.130675547703177,6.684334871207805,10.1108,31.9374,14.2786,24.473521484098942,15.400173627061214,9.89,61.9901,17.91335,7.250596254416961,3.9386156398520513,3.7397,18.0941,5.5,10.985116501766784,5.374711124187905,5.4769,23.6604,8.9422,17.646878939929326,11.055813534839741,6.7303,44.7973,13.24545
LQ_Wine02-B03_R02.txt,LQ,3.535091378091873,2.8427284811080376,1.1862,11.4642,2.0717,22.282998833922264,7.141055866733961,14.3441,36.8026,19.46475,36.746483427561834,18.76516329359756,17.2495,79.0071,29.8789,9.214577314487633,5.003372663285661,4.7158,23.1715,7.1154,16.656830141342756,6.111040373820378,9.7364,29.8806,14.7081,27.470219858657245,14.472810673885121,11.8899,60.4867,22.6189
LQ_Wine11-B04_R02.txt,LQ,2.326513533568905,2.227736078911123,0.5544,8.6407,1.16025,18.21456749116608,6.953730679597266,11.0111,33.1833,15.084299999999999,28.197365583038867,16.823853422591124,12.1068,68.379,20.939,6.76134703180212,3.961311975664588,3.3362,17.7204,4.9693000000000005,12.982918975265017,5.655399976892833,7.0854,25.937,10.774799999999999,20.644836925795055,12.583508262981418,8.2412,51.1917,15.6546
LQ_Wine11-B02_R08.txt,LQ,4.495495053003534,3.3267917952453145,1.7713,13.8156,2.8036000000000003,21.894219752650177,7.30300393039091,14.0211,36.9537,18.78315,33.04936491166078,18.263091886747148,14.7299,75.6238,25.795949999999998,10.583845759717313,5.431281183322192,5.6203,25.6058,8.3003,15.397177208480564,6.608987119652079,8.3307,30.1616,12.9845,25.236501024734984,14.334818213682759,10.6066,59.3066,19.9589
LQ_Wine02-B02_R08.txt,LQ,4.248480282685512,3.3132001313607446,1.5611,13.4802,2.5500499999999997,21.258128657243816,6.9467433129738545,13.7587,35.3257,18.3305,32.20477116607774,17.63959023345344,14.5566,73.1716,25.2397,10.155043604240285,5.387271402942684,5.2103,25.0475,7.9438,15.03505448763251,6.382948724673899,8.1652,29.1922,12.7235,24.445941378091874,13.818348691281344,10.3284,57.1734,19.393549999999998
LQ_Wine02-B02_R07.txt,LQ,3.604826360424028,2.6877253033737913,1.4268,11.2359,2.2342,20.603814169611308,7.386509165690696,12.7675,36.1222,17.44885,31.366405759717313,17.802374986181565,13.7293,73.3579,24.2185,9.427881943462896,4.834745700029581,5.0635,22.7154,7.34975,14.869483003533569,6.1830864118129885,8.2415,28.5621,12.598849999999999,23.46647780918728,13.487737207339656,9.7771,55.6942,18.3646
LQ_Wine11-B01_R07.txt,LQ,4.360971766784452,3.2728783075878796,1.7531,13.5764,2.66455,20.819008657243817,7.304043988385914,13.2535,35.9547,17.401600000000002,30.496070530035336,18.18250431871586,13.2564,73.5717,22.76245,10.851902508833922,5.433072280106324,5.8663,25.546,8.58435,14.040961731448762,6.454750177190033,7.4006,28.2456,11.3607,22.923031731448763,13.69905252023832,9.4721,56.1035,17.6005
LQ_Wine02-B01_R01.txt,LQ,2.6957752650176676,2.3113235169661537,0.785,9.391,1.5343,17.990867526501766,6.037450822895778,11.3036,30.9817,15.7527,29.298360989399296,15.853979811775284,13.3112,66.5025,23.2525,7.363295830388692,4.269251100679628,3.5929,19.3434,5.47895,12.070676466431095,5.0169099139607525,6.5902,23.3824,10.289000000000001,20.189300530035336,11.569117444683004,8.4057,47.4784,15.98385
LQ_Wine02-B03_R07.txt,LQ,2.9950496466431096,2.45213041350738,1.0203,9.9737,1.74485,19.01577219081272,7.5053681931514244,11.319,34.9814,15.673300000000001,28.43475144876325,17.401028048670405,11.7691,70.4119,21.11545,8.220878869257952,4.412380138987963,4.2996,20.3813,6.2542,13.381485724381625,6.013735854535359,7.1374,26.942,11.0187,21.282734593639578,13.152370293830371,8.422,53.526,16.0368
LQ_Wine10-B05_R10.txt,LQ,2.1440380918727917,2.118337718489932,0.3915,8.0971,1.0756000000000001,16.939022791519434,6.730185591017302,9.8027,31.6441,14.19295,24.662386572438162,15.302482179449687,9.7534,62.0108,18.393250000000002,6.4117499646643115,3.720537517422578,3.0957,16.706,4.7451,11.419234558303886,5.531445496197677,5.6802,24.4141,9.31145,18.140547985865723,11.495767565700774,6.6892,46.6117,13.61175
LQ_Wine11-B03_R07.txt,LQ,2.7914183392226146,2.4617720841372814,0.694,9.6561,1.4727000000000001,18.905484452296818,7.180536526991537,11.4615,34.0911,15.722100000000001,28.786506289752644,16.975612299716175,12.261,69.2741,21.746,8.150792508833922,4.303232850243532,4.1905,20.156,6.26475,13.666012084805654,5.939445367247255,7.4958,27.1676,11.3591,21.706302438162542,13.016457360804953,8.7346,53.0936,16.57465
LQ_Wine11-B03_R06.txt,LQ,2.567942932862191,2.234343858407017,0.7424,8.9803,1.4155,17.960461660777387,7.053182487439309,10.686,33.3718,14.81965,26.871064558303885,16.606999576347953,11.2423,67.1037,19.80205,7.1642030035335695,3.92798459214486,3.6913,18.1413,5.4237,13.047163533568906,5.688999387417591,7.117,26.1386,10.879,19.66954144876325,12.239625309583596,7.7116,49.85,14.8052
LQ_Wine11-B01_R08.txt,LQ,2.907628621908127,2.413811195863493,0.98,9.7593,1.6838,17.964382084805653,7.066832080903693,10.7599,33.2773,14.735,25.485245335689044,16.26023282480934,10.3529,64.7905,18.40045,7.863973038869259,4.165274287880851,4.1684,19.3484,6.01395,11.715426254416961,5.742181827216759,5.9321,25.1154,9.43225,18.946966466431096,12.043167178109602,7.3788,48.8792,14.06175
LQ_Wine11-B03_R12.txt,LQ,2.5899395759717314,2.2651119792665875,0.7348,9.0169,1.393,17.913936077738516,6.829278647730262,10.8104,32.8567,14.899000000000001,27.73458109540636,16.458637739645546,11.9,67.2203,20.8904,7.893197067137809,5.035020547534219,3.9513,27.7665,5.736,12.305036183745582,5.589371533996098,6.4801,25.3634,10.160499999999999,20.41335003533569,12.33689757296763,8.2734,50.4915,15.5551
LQ_Wine02-B01_R03.txt,LQ,3.719479151943463,2.8801999233715705,1.3306,11.6857,2.2402499999999996,22.01986961130742,6.804581369043013,14.5897,35.8922,19.1604,36.55117074204947,18.389824844291812,17.6604,78.4122,29.537799999999997,9.875263003533568,5.023287692446802,5.2517,23.6004,7.7804,15.828900459363958,6.117009080666956,8.8579,29.0568,13.7713,26.707996325088335,13.842178353798483,11.9574,58.4625,21.9688
LQ_Wine11-B02_R09.txt,LQ,3.180045971731449,2.6259614856635687,1.0936,10.6222,1.80535,19.670820989399292,7.197139073269558,12.3096,34.7909,16.3808,28.726501413427567,17.28323977754462,12.4132,69.5191,21.2001,8.734592791519434,4.571142041084623,4.6844,21.2631,6.67595,13.244999010600708,6.075254291560578,7.0314,27.0654,10.8596,21.538564028268553,13.004480511343434,8.8486,52.8957,16.3836
LQ_Wine02-B01_R09.txt,LQ,3.38335593639576,2.633518862407309,1.2447,10.8992,2.05305,18.92706667844523,7.303134123506641,11.2116,34.8109,15.6957,27.305655653710247,16.892095974927848,11.168,68.2116,20.083199999999998,8.79503445229682,4.551194463600855,4.6761,21.3126,6.8494,12.50926431095406,5.991551825190771,6.2926,26.6043,10.236,20.301394063604242,12.599153366607009,7.9149,51.2546,15.2311
LQ_Wine11-B04_R06.txt,LQ,3.0517873498233214,2.529909272292768,0.9862,10.307,1.74655,19.440927279151943,7.1598452491090265,11.8587,34.5325,16.302599999999998,29.799456749116608,17.17357411922313,12.8813,70.6379,22.8566,8.218398621908127,4.407102313159796,4.259,20.6463,6.3081499999999995,14.27514081272085,5.931042934193952,7.8645,27.5585,12.1003,22.086436254416963,12.868876669288865,8.9972,52.978,17.23375
LQ_Wine12-B01_R09.txt,LQ,2.0900431448763253,2.0055629227358267,0.4815,7.8599,1.0188,16.66472438162544,7.023371076400906,9.6156,32.4065,13.40475,23.54535561837456,15.494789755076644,9.3189,62.0523,16.673099999999998,6.38744371024735,3.6603395235155523,3.2275,16.5441,4.7011,10.924333498233215,5.604338575248446,5.4414,24.2279,8.5752,17.329580282685512,11.463674102396647,6.4096,46.2819,12.48975
LQ_Wine11-B01_R01.txt,LQ,2.618903992932862,2.437328370737663,0.6714,9.5274,1.3201999999999998,19.57566777385159,7.055533223006443,12.1948,34.1203,16.442300000000003,31.64686003533569,17.806100463487542,14.3036,72.7222,24.35355,7.355099222614841,4.323156452959052,3.6083,19.4439,5.3852,13.876200989399294,5.853910136717026,7.7737,26.8986,11.62885,22.968783533568903,13.411944439532357,9.6767,54.4574,17.8341
LQ_Wine02-B01_R08.txt,LQ,3.448048268551237,2.7356657911906983,1.2178,11.21,2.1049499999999997,16.564284982332158,6.215849299721732,10.3854,30.12,13.625499999999999,22.60311816254417,14.72389531803741,9.2672,58.6719,16.124000000000002,8.972866890459365,4.789645523648004,4.7262,21.9546,6.870150000000001,10.702463745583039,5.1679035557131385,5.8217,22.9752,8.433,16.431077279151943,10.737448895719261,6.4926,43.2382,11.937100000000001
LQ_Wine02-B01_R06.txt,LQ,2.7483557243816255,2.3875669283764487,0.843,9.4402,1.4638,15.750569116607775,6.1676389302075245,9.5257,29.1284,12.823599999999999,23.406081978798586,14.677016819795787,10.0038,58.8248,16.8626,7.040894628975265,4.162669171714453,3.5412,18.3694,5.0388,10.314183886925797,5.1341947775590775,5.281,22.3646,8.1677,17.312557243816254,10.880296548200267,7.0262,43.9957,12.776399999999999
LQ_Wine11-B03_R05.txt,LQ,2.595682473498233,2.41840324391905,0.6804,9.3823,1.3218,19.28432144876325,7.280006010190417,11.7537,34.3944,16.05555,29.562140424028268,17.507652130880153,12.7144,70.9155,22.1939,7.996459081272086,4.257650341406501,4.1985,19.7023,6.1667000000000005,14.145540388692579,5.982721598681992,7.9005,27.5585,11.860299999999999,21.827674028268554,13.183267582336336,8.8821,53.5093,16.642400000000002
LQ_Wine02-B03_R01.txt,LQ,3.776818727915195,2.9714230786651656,1.3322,12.1171,2.2402499999999996,22.84128696113074,7.030840686652764,15.1315,37.0513,19.9128,38.98489318021201,19.12656823511894,19.0152,82.1539,31.8534,9.65925890459364,5.382613057783689,4.9055,24.572,7.283,16.788825265017667,6.235647715050014,9.8888,30.1034,14.5251,27.831140742049463,14.557160253914878,12.4584,61.1302,22.815350000000002
LQ_Wine10-B05_R07.txt,LQ,3.4452046289752656,2.7336586124599793,1.24,11.0298,2.0513,20.679197349823323,7.057361154870043,13.0207,35.4995,17.900399999999998,32.6056283745583,17.42647656945667,14.7655,73.7059,25.98765,9.144050954063605,4.869544816654961,4.7514,22.6218,7.06955,15.329434876325088,6.0386874694521095,8.5942,28.8278,13.2991,25.045652614840993,13.611519830432007,10.5692,57.0816,20.174300000000002
LQ_Wine02-B03_R10.txt,LQ,3.4261512720848053,2.542936329909715,1.3067,10.7224,2.1664000000000003,19.9389383745583,7.605481927438062,11.8683,36.2485,16.7447,28.853776042402824,17.442784249382036,11.7624,70.9155,21.7095,9.223502014134276,4.699813177224441,4.8927,22.0227,7.2277,12.932335300353357,6.130900800564041,6.5296,27.0436,10.612449999999999,20.875635335689044,12.6281446888056,8.113,51.5389,15.9712
LQ_Wine11-B01_R10.txt,LQ,2.982905371024735,2.327437185652066,1.0873,9.6121,1.8087,17.436794487632508,6.5662059372353845,10.4288,31.8303,14.7158,25.42253572438162,15.50905460214156,10.4824,63.2287,19.02505,8.814043003533568,4.367430668412743,4.8821,20.625,6.89465,11.459682544169613,5.3391722954295044,5.84,23.8667,9.4796,18.646926077738517,11.192873193246243,7.3207,45.9418,14.2727
LQ_Wine02-B01_R11.txt,LQ,2.471819469964664,1.9505408295387845,0.8951,8.0335,1.4994,13.672127208480566,5.7116573648545845,7.8118,26.7977,11.30515,19.13903254416961,12.653932930394342,7.4855,51.0662,13.6471,7.248397703180212,3.77033634475804,4.0823,17.5821,5.4756,8.85291886925795,4.578179820660699,4.3146,19.8664,7.0,14.32777445229682,9.336715927957325,5.4579,37.9192,10.4175
LQ_Wine02-B01_R05.txt,LQ,3.258551731448763,2.8095026642157843,1.0468,11.0747,1.71925,20.799369893992935,7.3780621160206925,13.25,35.9026,17.26735,32.9348051590106,18.598096002465944,15.0854,75.8479,24.98585,9.155171060070673,4.786076028723132,4.9459,22.0739,7.01755,15.18672109540636,6.196810085995736,8.7216,28.8829,12.779399999999999,24.273480530035332,13.956554921939684,10.5227,57.1918,18.9069
LQ_Wine02-B03_R09.txt,LQ,3.3944845583038865,2.7025315952807474,1.2257,11.0811,2.0031,20.30865,7.367714452681465,12.5452,36.0593,17.17175,29.952667455830387,17.670881890558995,12.9636,72.4337,22.5344,9.151098621908128,4.821801888395909,4.8124,22.78,7.05835,13.73183816254417,6.244500759690852,7.1805,28.131,11.4304,22.447398975265017,13.318746022725286,9.1188,54.8018,17.303849999999997
LQ_Wine11-B01_R06.txt,LQ,2.79283222614841,2.3047119149783386,0.9213,9.365,1.6174,18.105572720848055,7.219608735816157,10.6359,34.0425,14.9476,26.66909233215548,16.47271249404141,10.8738,66.7559,19.79175,7.620340424028268,4.139413766531847,3.979,19.1687,5.7834,12.779991943462898,5.892654073719761,6.7121,26.3843,10.423,19.70467522968198,12.35203075886258,7.6419,50.2764,14.72195
LQ_Wine11-B02_R05.txt,LQ,3.160568268551237,2.6571025992360395,1.0141,10.6035,1.783,20.5428703180212,7.2029450950511436,12.9622,35.285,17.32095,32.13622798586572,17.986200360966663,14.5409,73.9482,24.7091,9.515882473498234,4.737900846626863,5.3062,22.5985,7.4613,14.892702579505299,6.066417831982817,8.453,28.3224,12.587050000000001,23.638014275618378,13.53880536166208,10.1062,55.8006,18.4724
LQ_Wine10-B05_R06.txt,LQ,3.2697786925795054,2.6174154859536514,1.1705,10.6472,1.9130500000000001,20.00987455830389,7.377774490205288,12.2308,35.4995,16.764200000000002,30.99979770318021,17.86700203453139,13.4654,73.3313,23.7964,8.65140332155477,4.583316692714498,4.6115,21.3566,6.6639,14.181092826855124,6.24879905728501,7.6292,28.2227,11.78225,22.95450180212014,13.47243324722683,9.4402,55.412,17.8877
LQ_Wine11-B01_R02.txt,LQ,2.6875048763250886,2.375823840749531,0.7424,9.3419,1.4195,17.935293038869258,6.53685936421726,11.1567,31.8214,14.95345,28.453278975265018,16.525678281886723,12.5947,67.5013,21.34285,7.453888692579506,4.224685175876393,3.7339,19.0645,5.5222,11.86638703180212,5.408802761614842,6.3243,24.2599,9.732199999999999,20.41593176678445,12.138294938827707,8.4982,49.7291,15.62345
LQ_Wine02-B02_R03.txt,LQ,2.763426501766785,2.395671352695959,0.7941,9.6532,1.5051,19.134106395759716,6.924653781625587,11.8204,33.7817,16.126350000000002,30.184658303886927,17.36155228902592,13.2055,71.6042,23.04325,9.733821272084807,7.569084583288675,4.1403,30.1566,6.12485,12.826789681978797,6.028161557836126,6.5275,26.5402,10.481,21.882388975265016,12.808493515489223,8.9157,52.6497,17.05175
LQ_Wine12-B01_R02.txt,LQ,1.533244028268551,1.8308838957843219,0.0955,6.6868,0.5954999999999999,15.42001706713781,6.316027335897694,8.9435,29.5055,12.723500000000001,22.94666445229682,14.42744571682756,9.2357,58.4625,16.98255,18.940096537102473,5.2726013256318565,11.5465,31.5995,17.335549999999998,10.048506855123673,4.925696172985477,5.075,21.9085,8.1309,16.869387632508833,10.738398085468624,6.2261,43.2507,12.62105
LQ_Wine02-B03_R11.txt,LQ,3.5596343462897524,2.761716618092857,1.2717,11.4019,2.1399,20.79381897526502,7.616334757892474,12.6459,36.878,17.550449999999998,31.705241872791518,18.419847167845617,13.4802,75.6518,24.2342,10.146340600706713,5.140153499945242,5.4646,24.3378,7.9649,14.760969540636042,6.528216985053103,7.7642,29.5541,12.37395,23.602591590106005,13.77514561649309,9.4692,56.8257,18.5325
LQ_Wine11-B01_R05.txt,LQ,2.4922412367491167,2.1821029087046586,0.7258,8.7263,1.3586,16.737928904593637,6.575320850449894,9.9587,31.189,13.8839,25.114255053003532,15.454810789585512,10.4762,62.6154,18.51565,6.841503074204947,3.7800064410314693,3.5316,17.3855,5.17995,11.556811625441698,5.286984230483238,6.1245,23.873,9.5284,18.122460353356892,11.28748843304602,7.1727,45.996,13.632200000000001
LQ_Wine12-B01_R03.txt,LQ,1.4025551236749116,1.7604540884800342,0.0555,6.4974,0.49265000000000003,14.391728727915194,6.153467148824538,8.1996,28.2994,11.6257,20.928992014134273,13.700888971897458,8.2385,55.0621,15.01895,5.443823816254418,3.097151377879769,2.6815,14.1191,4.06835,9.781064522968197,4.802679978165117,5.0293,21.3068,7.7963000000000005,15.15881961130742,10.123423987780354,5.6225,40.7646,10.997900000000001
LQ_Wine02-B02_R10.txt,LQ,3.1486626501766786,2.452890120545952,1.139,10.1456,1.94575,19.05648929328622,7.049048808843222,11.4708,34.0911,16.28575,28.01143964664311,16.493634753875057,11.606,67.384,21.533749999999998,8.4683,4.4282460611045815,4.4813,20.5931,6.5595,12.493773462897526,5.816162711867808,6.3371,25.8128,10.3767,20.11236356890459,12.012157552941497,7.8887,49.1751,15.51995
LQ_Wine12-B01_R06.txt,LQ,2.4707874204946996,2.2277855504662214,0.6668,8.804,1.3338,18.014427455830386,7.014365030582681,10.6654,33.495,15.0765,26.275293286219082,16.1268926948992,10.6879,65.4583,19.615850000000002,7.109655477031803,4.012589593346696,3.5737,18.2123,5.3050999999999995,12.152225865724379,5.844607295460502,6.1266,25.9509,9.8735,19.31757014134276,12.093952349145253,7.3258,49.324,14.47645
LQ_Wine12-B01_R07.txt,LQ,2.2669125795053007,2.052542118665998,0.5903,8.2064,1.1973,17.035904204946995,7.103770402154921,9.7391,32.931,13.916699999999999,24.196718975265018,15.614317569839208,9.446,63.1436,17.53855,6.694835371024735,3.7148713682352756,3.4023,17.0473,5.057,11.229040848056538,5.661071699779578,5.5781,24.8374,8.9175,17.748809399293286,11.562478476792453,6.5571,46.9725,12.9833
LQ_Wine11-B03_R01.txt,LQ,2.4848433568904595,2.3598482740565587,0.6187,9.1871,1.2147,18.92059367491166,6.968791462747881,11.8236,33.3718,15.76295,30.41437734982332,17.84197600034445,13.5838,71.6042,22.833,6.877383886925795,4.289947132071105,3.2911,18.8334,4.8145,13.129936925795052,5.7425174021844025,7.3222,25.7647,10.7244,20.954218233215546,13.075017875010404,8.6958,51.7457,15.5447
LQ_Wine11-B04_R03.txt,LQ,2.43778148409894,2.1833557862333874,0.6593,8.6132,1.3115,17.560200565371023,6.787150633660196,10.5656,32.1438,14.5478,26.710026961130737,16.21077547939372,11.2975,65.2792,20.013199999999998,7.395252084805653,3.9314495185244946,3.9079,18.236,5.65165,11.44990332155477,5.407728673487766,6.0974,23.9612,9.2421,19.406063003533568,12.002813964318012,7.7271,48.7175,14.64105
LQ_Wine11-B04_R08.txt,LQ,3.3221820494699648,2.590758204897133,1.2273,10.591,1.9483,18.195201766784454,7.1204163744889835,10.8551,33.5045,15.01775,25.952032367491167,16.358565406145246,10.5133,65.2569,18.956,8.528121378091873,4.439810240918086,4.5597,20.5824,6.5559,11.947966431095407,5.8357523231467265,6.0062,25.4376,9.6676,19.504167950530036,12.222021407755372,7.629,49.4735,14.5488
LQ_Wine11-B03_R02.txt,LQ,2.5700234982332155,2.3038804315348598,0.7273,9.1217,1.4066999999999998,18.85611699646643,7.303422145825792,11.3901,34.4929,15.5538,29.26426204946996,17.683545777057773,12.6158,71.6556,21.6201,7.7808521554770325,4.175752943375373,4.2005,19.0893,5.84585,13.450565441696114,5.913303822038543,7.3544,26.9782,11.1521,21.25058812720848,13.104816803902802,8.5227,53.0936,15.990200000000002
LQ_Wine02-B02_R09.txt,LQ,2.7025268904593642,2.312386888460542,0.8017,9.2787,1.5075,17.51473042402827,7.060278196975077,10.179,33.0615,14.443750000000001,24.777976042402827,15.755743145836934,9.8097,63.314,18.115299999999998,7.634475477031803,3.984675141867981,3.9592,18.6097,5.93365,11.531813992932861,5.615808217952445,5.7084,24.7717,9.44305,18.57664296819788,11.720040593869832,7.0287,47.6487,13.9288
LQ_Wine11-B03_R09.txt,LQ,4.120481872791519,2.965395404003583,1.7201,12.4444,2.5934,21.967403745583038,7.609516703535038,13.8784,38.0466,18.7637,32.59713893992933,18.395321579226685,14.5566,76.186,25.0799,10.294715689045935,5.162452147229032,5.6337,24.4704,8.0586,14.994250459363956,6.482856536862262,8.0602,29.8149,12.67115,24.597897314487632,13.906316581776716,10.3929,57.8782,19.4943
LQ_Wine02-B02_R06.txt,LQ,2.6430682332155473,2.2952537866714158,0.7895,9.21,1.4913,17.667617915194345,6.785053416587016,10.5714,32.443,14.666,26.79416441696113,16.13675841522741,11.2521,65.7058,20.0676,7.198899081272084,3.9226833963115095,3.6777,18.1271,5.48005,12.543704240282684,5.512094282673775,6.7319,25.1822,10.4578,19.497769045936394,11.96381737227046,7.6496,48.7469,14.7615
LQ_Wine12-B01_R08.txt,LQ,2.3180101060070673,2.04089298257333,0.6292,8.2091,1.2574,16.868260141342756,7.066621182242153,9.6786,32.6628,13.648800000000001,23.65298745583039,15.544542917429053,9.2214,62.2808,16.862650000000002,6.791431413427562,3.7641619764776193,3.482,17.2495,5.0613,10.923218480565371,5.596593280425002,5.3786,24.3048,8.5917,17.342363851590108,11.423136685635766,6.4214,46.2956,12.58245
LQ_Wine11-B02_R04.txt,LQ,2.932599787985865,2.564912855436692,0.8859,10.1304,1.5254,20.048948975265017,7.295804316415913,12.4818,35.2138,16.66485,31.944871060070668,17.999802765449186,14.4394,74.219,24.4167,7.8043932155477025,4.506131760483526,3.9375,20.3971,5.7202,14.81168141342756,6.110043491108615,8.4055,28.2917,12.37065,23.741624664310955,13.788744017736072,10.0098,56.5533,18.4316
LQ_Wine11-B03_R03.txt,LQ,2.6031653003533575,2.3084134870943864,0.7379,9.1558,1.3698000000000001,18.82297604240283,6.994643160831364,11.6399,33.5045,15.6631,29.206902226148415,17.16900014445293,12.8208,69.8642,21.9037,7.30105632508834,4.117105631377808,3.7436,18.7359,5.4237,13.47545660777385,5.748237174787365,7.5284,26.4126,11.23765,21.13269558303887,12.767108650470336,8.7512,52.1627,15.990200000000002
LQ_Wine10-B05_R11.txt,LQ,2.7512694346289757,2.365924912970871,0.8231,9.5157,1.5579,18.57678628975265,7.318942200896698,10.7955,34.1886,15.5276,27.654795759717313,16.90004051837106,11.1325,68.379,20.7479,8.01559374558304,4.251162982509587,4.1243,19.7432,6.2075,13.072263109540636,6.107192187913285,6.5404,27.1383,10.888,21.047828233215547,12.82015180799044,7.9254,51.9536,16.233
LQ_Wine11-B03_R04.txt,LQ,2.8483504593639575,2.4406679996644813,0.8752,9.7653,1.597,18.35677151943463,7.04930659636132,11.1445,33.638,15.153099999999998,27.21731660777385,16.89201049827402,11.3105,67.9974,19.94085,8.025737950530035,4.140185649189847,4.3239,19.4036,6.2191,11.752349187279153,5.987942162621746,5.5861,25.5937,9.502600000000001,19.727792473498234,12.232849619622236,7.7687,49.9865,14.8211
